Name,Surname,ID,Project,Title
Yadira,Harvey,2397316,53,Late Unsuitable Yak
Gauge,Fritz,2375933,60,Quizzical Slim Queen
Phillip,Mckinney,2319034,88,Receptive Common Tray
Oscar,Long,2366412,90,Loved Prickly Skin
Carleigh,Mcguire,2369106,41,Free Fluttering Rice
Santos,Montoya,2372868,61,Immense Shrewd Railway
Cassie,Duran,2343512,89,Gutsy Mixed Form
Adolfo,Rose,2355064,89,Infamous Combative Tree
Cruz,Key,2320265,95,Loving Fast Rock
Misael,Fitzgerald,2380564,69,Frantic Hushed Week
Natalya,Bond,2341718,55,Dirty Depressed Coach
Ava,Shepherd,2312730,51,Rotten Whole Place
Makenna,Craig,2337490,74,Neighborly Reminiscent Basket
Finley,Molina,2387942,43,Right Milky Need
Ayla,Whitehead,2316231,65,Cool Unequal Cave
Barrett,Jarvis,2380787,59,Acoustic Incredible Teeth
Matthew,Walton,2331744,42,Money Stable Lumber
Chandler,Spence,2311528,87,Ancient Poor Library
Trent,Kelley,2380994,66,Apathetic Gullible Mine
Raquel,Bender,2372716,96,Willing Light Hat
Gavin,Holder,2397418,73,Novel Puzzled Size
Amiyah,Leonard,2325496,73,Curved Nutritious Stocking
Zackery,Sampson,2324056,79,Terrible Pithy Fish
Bria,Erickson,2338822,99,Sordid Grubby Education
Saige,Clayton,2341971,44,Cooing Whole Balance
Griffin,Wall,2356383,83,Quack Overt Uncle
Jude,Luna,2350579,72,Hurried Aggressive Gate
Aniyah,Bradford,2398592,64,Evasive Satisfying Collar
Jadon,Case,2389279,62,Absorbed Rich Bag
Ross,Tanner,2317729,53,Free Viable Recess
Leon,Preston,2349530,40,Goodly Able Rest
Aidan,Williams,2363913,41,Fine Tangible Underwear
Lillian,Williamson,2373573,56,Fat Available Jam
Jalen,Yates,2395285,50,Trusty Dusty Crook
Jefferson,Walton,2396827,52,Outrageous Best Clam
Lilianna,Bryant,2367250,66,Flippant Future Wrist
Rory,Thomas,2338883,71,Bitter Wakeful Grandmother
Jaida,Gay,2329349,67,Cynical Careless Actor
Lainey,Sampson,2316882,84,Careless Glistening Limit
Joanna,Gross,2339493,73,Bewildered Adventurous Apparel
Cornelius,Ruiz,2341562,66,Thirsty Synonymous Reward
Maria,Prince,2360404,77,Foregoing Understood Thing
Axel,Lara,2377822,93,Wacky Knotty Cows
Skye,Galloway,2312292,44,Successful Cowardly Coat
Summer,Morris,2329136,92,Unused Breakable Wool
Jaden,Jacobson,2375678,99,Golden Lawful Weight
Roger,Sweeney,2315835,86,Mountainous For Motion
Teagan,Spears,2315996,75,Impolite Laughable Wave
Anne,Fuentes,2328327,44,Testy Nasty Control
Delaney,Porter,2331047,49,Unruly Dramatic Teeth
Anabella,Guerra,2314076,44,Mucho Mint Crate
Louis,Ware,2376323,43,Keen Resilient Person
Elena,Chavez,2334960,68,Itchy Sassy Crack
Esteban,Howard,2357103,50,Money Quaint Cent
Chase,Armstrong,2312329,62,Unwavering Balmy Rabbit
Mariela,Giles,2351644,46,Undisturbed Spotted Shoes
Laila,Poole,2325926,43,Bloody Unwieldy Leather
Yasmine,Noble,2363999,71,Wanting Xenophobic Match
Neil,French,2324860,67,Merciful Solid Touch
Nicholas,Rice,2342423,87,Trusty Flowery Ear
