name,surname,group
Jaida , Gay,a
Mariela , Giles,a
Amiyah , Leonard,a
Yasmine , Noble,a
Delaney , Porter,a
Chase , Armstrong,a
Gavin , Holder,a
Roger , Sweeney,a
Barrett , Jarvis,a
Natalya , Bond,a
Axel , Lara,a
Lillian , Williamson,a
Jude , Luna,a
Misael , Fitzgerald,a
Raquel , Bender,a
Makenna , Craig,a
Gauge , Fritz,a
Rory , Thomas,a
Cruz , Key,a
Matthew , Walton,a
Santos , Montoya,b
Carleigh , Mcguire,b
Joanna , Gross,b
Saige , Clayton,b
Griffin , Wall,b
Trent , Kelley,b
Jalen , Yates,b
Aniyah , Bradford,b
Phillip , Mckinney,b
Adolfo , Rose,b
Louis , Ware,b
Ayla , Whitehead,b
Neil , French,b
Jefferson , Walton,b
Skye , Galloway,b
Leon , Preston,b
Lilianna , Bryant,b
Anabella , Guerra,b
Elena , Chavez,b
Nicholas , Rice,b
Lainey , Sampson,c
Laila , Poole,c
Aidan , Williams,c
Yadira , Harvey,c
Teagan , Spears,c
Bria , Erickson,c
Cassie , Duran,c
Esteban , Howard,c
Jaden , Jacobson,c
Maria , Prince,c
Finley , Molina,c
Summer , Morris,c
Anne , Fuentes,c
Cornelius , Ruiz,c
Ava , Shepherd,c
Zackery , Sampson,c
Ross , Tanner,c
Oscar , Long,c
Jadon , Case,c
Chandler , Spence,c
