name,surname,id,project
Ava , Shepherd,2310766,74
Roger , Sweeney,2311978,54
Jadon , Case,2312954,56
Ayla , Whitehead,2312956,82
Joanna , Gross,2316697,83
Saige , Clayton,2318025,82
Jalen , Yates,2321157,82
Jaida , Gay,2324338,79
Esteban , Howard,2324448,95
Summer , Morris,2324726,87
Phillip , Mckinney,2325751,80
Gauge , Fritz,2326218,90
Aidan , Williams,2326246,53
Yadira , Harvey,2326715,65
Barrett , Jarvis,2327070,50
Teagan , Spears,2329380,87
Skye , Galloway,2330211,40
Natalya , Bond,2331778,84
Nicholas , Rice,2333598,97
Delaney , Porter,2334572,44
Rory , Thomas,2335223,46
Elena , Chavez,2335520,75
Santos , Montoya,2337666,49
Jude , Luna,2338737,89
Cornelius , Ruiz,2338996,83
Aniyah , Bradford,2341975,40
Laila , Poole,2343247,58
Amiyah , Leonard,2346136,50
Matthew , Walton,2346470,60
Bria , Erickson,2348105,87
Anabella , Guerra,2348661,46
Maria , Prince,2350657,89
Adolfo , Rose,2351583,99
Zackery , Sampson,2353177,66
Trent , Kelley,2353473,55
Makenna , Craig,2354400,67
Yasmine , Noble,2356046,46
Louis , Ware,2356084,84
Finley , Molina,2357455,73
Mariela , Giles,2357761,71
Neil , French,2359256,54
Oscar , Long,2361083,96
Jaden , Jacobson,2362803,45
Chase , Armstrong,2363767,72
Jefferson , Walton,2365896,66
Leon , Preston,2366530,92
Ross , Tanner,2372243,77
Lillian , Williamson,2372611,83
Raquel , Bender,2375628,43
Chandler , Spence,2377258,79
Lilianna , Bryant,2378758,60
Cassie , Duran,2378870,87
Cruz , Key,2381448,87
Lainey , Sampson,2382869,84
Carleigh , Mcguire,2388021,79
Misael , Fitzgerald,2391339,53
Griffin , Wall,2392555,68
Axel , Lara,2393808,68
Gavin , Holder,2396401,83
Anne , Fuentes,2399162,91
