sis_id,G,F
22033166,0.0,"Q1: 0 (code error)
Q2: No submission
Q3: No submission
Q4: No submission
Q5: No submission
Q6: No submission
"
22032171,0.0,"Q1: No submission
Q2: No submission
Q3: No submission
Q4: No submission
Q5: No submission
Q6: No submission
"
21069435,0.5,"Q1: 0 (code error)
Q2: 0.5
Q3: 0 (code error)
Q4: 0 (code error - there is no column 'Column' in levels DataFrame)
Q5: 0 (code error)
Q6: 0 (code error)
"
22021904,3.25,"Q1: 1
Q2: 0.5
Q3: 0.5
Q4: 1
Q5: 0 (incorrect DataFrame mean_grades)
Q6a: 0 (incorrect DataFrame degrees)
Q6b: 0.25
"
22029959,2.5,"Q1: 1
Q2: 0.5
Q3: 0.5
Q4: 0.5 (incorrect MultiIndex: Databases and Information Theory are mixed up. Use dictionary to assign levels to columns.) 
Q5: 0 (incorrect DataFrame mean_grades)
Q6: 0 (code error)
"
22023513,0.5,"Q1: 0 (code error)
Q2: 0.5
Q3: 0 (incorrect DataFrame grades)
Q4: 0 (code error)
Q5: No submission
Q6: No submission
"
21079437,1.75,"Q1: 0.75 (you forgot to sort by ID column and reset the index.)
Q2: 0.5
Q3: 0.5
Q4: 0 (code error - there is no column 'Column' in levels DataFrame)
Q5: 0 (code error)
Q6: 0 (code error)
"
22018255,1.75,"Q1: 0 (code error)
Q2: 0 (code error)
Q3: 0 (code error)
Q4: 0 (code error)
Q5: 1
Q6a: 0.75
Q6b: 0 (missing or incorrect CSV file)
"
16085466,3.0,"Q1: 1
Q2: 0.5
Q3: 0.5
Q4: 1
Q5: 0 (incorrect DataFrame mean_grades)
Q6a: 0 (incorrect DataFrame degrees)
Q6b: 0 (missing or incorrect CSV file)
"
21031927,2.0,"Q1: 1
Q2: 0.5
Q3: 0.5
Q4: 0 (code error)
Q5: 0 (code error)
Q6: 0 (code error)
"
21087187,0.0,"Q1: 0 (incorrect DataFrame grades)
Q2: 0 (code error)
Q3: 0 (code error)
Q4: 0 (code error)
Q5: 0 (code error)
Q6: 0 (code error)
"
21073802,3.0,"Q1: 1
Q2: 0.5
Q3: 0.5
Q4: 1
Q5: 0 (code error)
Q6: 0 (code error)
"
21031179,2.0,"Q1: 1
Q2: 0.5
Q3: 0.5
Q4: 0 (incorrect DataFrame grades)
Q5: No submission
Q6: No submission
"
21066861,4.5,"Q1: 1
Q2: 0.5
Q3: 0.5
Q4: 0.5 (incorrect MultiIndex: Databases and Information Theory are mixed up. Use dictionary to assign levels to columns.) 
Q5: 1
Q6a: 0.75
Q6b: 0.25
"
21064263,4.5,"Q1: 1
Q2: 0.5
Q3: 0.5
Q4: 0.5 (incorrect MultiIndex: Databases and Information Theory are mixed up. Use dictionary to assign levels to columns.) 
Q5: 1
Q6a: 0.75
Q6b: 0.25
"
22033934,3.0,"Q1: 1
Q2: 0.5
Q3: 0.5
Q4: 0 (code error)
Q5: 1
Q6a: 0 (incorrect DataFrame degrees)
Q6b: 0 (incorrect CSV file)
"
22009281,2.5,"Q1: 0 (incorrect DataFrame grades)
Q2: 0.5
Q3: 0.5
Q4: 0.5 (incorrect MultiIndex: Databases and Information Theory are mixed up. Use dictionary to assign levels to columns.) 
Q5: 1
Q6a: 0 (incorrect DataFrame degrees)
Q6b: 0 (incorrect CSV file)
"
22025077,2.0,"Q1: 1
Q2: 0.5
Q3: 0.5
Q4: 0 (code error)
Q5: 0 (code error)
Q6: 0 (code error)
"
22019362,0.5,"Q1: 0 (code error)
Q2: 0 (code error)
Q3: 0.5
Q4: 0 (code error - there is no column 'Column' in levels DataFrame)
Q5: 0 (code error)
Q6: 0 (code error)
"
22031619,0.5,"Q1: 0 (code error)
Q2: 0 (code error)
Q3: 0.5
Q4: 0 (code error - there is no column 'Column' in levels DataFrame)
Q5: 0 (code error)
Q6: 0 (code error)
"
21061797,3.0,"Q1: 0 (code error)
Q2: 0.5
Q3: 0.5
Q4: 0 (code error)
Q5: 1
Q6a: 0.75
Q6b: 0.25
"
22031645,2.5,"Q1: 1
Q2: 0.5
Q3: 0.5
Q4: 0.5 (incorrect MultiIndex: Databases and Information Theory are mixed up. Use dictionary to assign levels to columns.) 
Q5: 0 (incorrect DataFrame mean_grades)
Q6: 0 (code error)
"
22014729,1.75,"Q1: No submission
Q2: 0.5
Q3: 0 (code error)
Q4: 1
Q5: 0 (incorrect DataFrame mean_grades)
Q6a: 0 (incorrect DataFrame degrees)
Q6b: 0.25
"
22034552,2.0,"Q1: 1
Q2: 0.5
Q3: 0.5
Q4: 0 (code error)
Q5: 0 (code error)
Q6: 0 (code error)
"
21089475,2.0,"Q1: 1
Q2: 0.5
Q3: 0.5
Q4: 0 (code error - there is no column 'Column' in levels DataFrame)
Q5: 0 (code error)
Q6: 0 (code error)
"
22014223,1.0,"Q1: 1
Q2: 0 (code error)
Q3: 0 (incorrect DataFrame grades)
Q4: 0 (code error)
Q5: 0 (code error)
Q6: 0 (code error)
"
22013825,1.75,"Q1: 1
Q2: 0 (incorrect DataFrame grades)
Q3: 0 (incorrect DataFrame grades)
Q4: 0 (code error - there is no column 'Column' in levels DataFrame)
Q5: 0 (incorrect DataFrame mean_grades)
Q6a: 0.75
Q6b: 0 (missing or incorrect CSV file)
"
22029582,0.75,"Q1: 0.75 (you forgot to sort by ID column and reset the index.)
Q2: 0 (incorrect DataFrame grades)
Q3: 0 (incorrect DataFrame grades)
Q4: 0 (code error)
Q5: 0 (code error)
Q6: 0 (code error)
"
22024022,0.75,"Q1: 0 (incorrect DataFrame grades)
Q2: 0 (incorrect DataFrame grades)
Q3: 0 (incorrect DataFrame grades)
Q4: 0 (code error - there is no column 'Column' in levels DataFrame)
Q5: 0 (incorrect DataFrame mean_grades)
Q6a: 0.75
Q6b: 0 (missing or incorrect CSV file)
"
22034351,0.75,"Q1: 0 (incorrect DataFrame grades)
Q2: 0 (incorrect DataFrame grades)
Q3: 0 (incorrect DataFrame grades)
Q4: 0 (code error - there is no column 'Column' in levels DataFrame)
Q5: 0 (incorrect DataFrame mean_grades)
Q6a: 0.75
Q6b: 0 (missing or incorrect CSV file)
"
22036334,1.0,"Q1: 0 (incorrect DataFrame grades)
Q2: 0.5
Q3: 0.5
Q4: 0 (code error)
Q5: 0 (code error)
Q6: 0 (code error)
"
22028211,2.5,"Q1: 1
Q2: 0 (incorrect DataFrame grades)
Q3: 0.5
Q4: 1
Q5: 0 (code error)
Q6: 0 (code error)
"
22024927,2.75,"Q1: 1
Q2: 0.5
Q3: 0.5
Q4: 0 (code error - there is no column 'Column' in levels DataFrame)
Q5: 0 (code error)
Q6a: 0.75
Q6b: 0 (missing or incorrect CSV file)
"
21082679,3.0,"Q1: 1
Q2: 0.5
Q3: 0.5
Q4: 1
Q5: 0 (incorrect DataFrame mean_grades)
Q6: 0 (code error)
"
22029346,1.0,"Q1: 0 (incorrect DataFrame grades)
Q2: 0 (code error)
Q3: 0 (code error)
Q4: 0 (code error)
Q5: 0 (incorrect DataFrame mean_grades)
Q6a: 0.75
Q6b: 0.25
"
22020190,5.0,"Q1: 1
Q2: 0.5
Q3: 0.5
Q4: 1
Q5: 1
Q6a: 0.75
Q6b: 0.25
"
22010606,4.5,"Q1: 1
Q2: 0.5
Q3: 0.5
Q4: 0.5 (incorrect MultiIndex: Databases and Information Theory are mixed up. Use dictionary to assign levels to columns.) 
Q5: 1
Q6a: 0.75
Q6b: 0.25
"
21079856,4.0,"Q1: 1
Q2: 0.5
Q3: 0.5
Q4: 0 (incorrect DataFrame grades)
Q5: 1
Q6a: 0.75
Q6b: 0.25
"
21074736,3.0,"Q1: 1
Q2: 0.5
Q3: 0.5
Q4: 1
Q5: 0 (incorrect DataFrame mean_grades)
Q6: 0 (code error)
"
21073949,4.0,"Q1: 1
Q2: 0.5
Q3: 0.5
Q4: 0 (incorrect DataFrame grades)
Q5: 1
Q6a: 0.75
Q6b: 0.25
"
22013771,0.0,"Q1: 0 (code error)
Q2: 0 (code error)
Q3: 0 (code error)
Q4: 0 (code error)
Q5: 0 (code error)
Q6: 0 (code error)
"
21081095,2.0,"Q1: 1
Q2: 0 (incorrect DataFrame grades)
Q3: 0 (incorrect DataFrame grades)
Q4: 1
Q5: 0 (code error)
Q6: 0 (code error)
"
22033683,1.25,"Q1: 0.75 (you forgot to sort by ID column and reset the index.)
Q2: 0.5
Q3: 0 (code error)
Q4: 0 (code error - there is no column 'Column' in levels DataFrame)
Q5: 0 (code error)
Q6: 0 (code error)
"
21064285,0.75,"Q1: 0 (incorrect DataFrame grades)
Q2: 0 (incorrect DataFrame grades)
Q3: 0 (incorrect DataFrame grades)
Q4: 0 (code error - there is no column 'Column' in levels DataFrame)
Q5: 0 (incorrect DataFrame mean_grades)
Q6a: 0.75
Q6b: 0 (missing or incorrect CSV file)
"
22029348,2.5,"Q1: 0 (code error)
Q2: 0.5
Q3: 0.5
Q4: 0.5 (incorrect MultiIndex: Databases and Information Theory are mixed up. Use dictionary to assign levels to columns.) 
Q5: 1
Q6a: 0 (incorrect DataFrame degrees)
Q6b: 0 (missing or incorrect CSV file)
"
22035573,4.75,"Q1: 1
Q2: 0.5
Q3: 0.5
Q4: 1
Q5: 1
Q6a: 0.75
Q6b: 0 (missing or incorrect CSV file)
"
22014926,2.0,"Q1: 1
Q2: 0.5
Q3: 0.5
Q4: 0 (code error)
Q5: 0 (code error)
Q6: 0 (code error)
"
22031386,4.5,"Q1: 1
Q2: 0.5
Q3: 0.5
Q4: 0.5 (incorrect MultiIndex: Databases and Information Theory are mixed up. Use dictionary to assign levels to columns.) 
Q5: 1
Q6a: 0.75
Q6b: 0.25
"
21071792,5.0,"Q1: 1
Q2: 0.5
Q3: 0.5
Q4: 1
Q5: 1
Q6a: 0.75
Q6b: 0.25
"
21082185,5.0,"Q1: 1
Q2: 0.5
Q3: 0.5
Q4: 1
Q5: 1
Q6a: 0.75
Q6b: 0.25
"
21031902,0.5,"Q1: 0 (code error)
Q2: 0 (code error)
Q3: 0.5
Q4: 0 (code error - there is no column 'Column' in levels DataFrame)
Q5: 0 (code error)
Q6: 0 (code error)
"
22032229,2.5,"Q1: 1
Q2: 0.5
Q3: 0.5
Q4: 0.5 (incorrect MultiIndex: Databases and Information Theory are mixed up. Use dictionary to assign levels to columns.) 
Q5: 0 (incorrect DataFrame mean_grades)
Q6: 0 (code error)
"
21079825,2.0,"Q1: 1
Q2: 0.5
Q3: 0.5
Q4: 0 (code error - there is no column 'Column' in levels DataFrame)
Q5: 0 (code error)
Q6: 0 (code error)
"
22013821,2.0,"Q1: 1
Q2: 0.5
Q3: 0.5
Q4: 0 (code error)
Q5: 0 (code error)
Q6: 0 (code error)
"
17025391,1.5,"Q1: 1
Q2: 0 (code error)
Q3: 0.5
Q4: 0 (code error)
Q5: 0 (code error)
Q6: 0 (code error)
"
21082184,5.0,"Q1: 1
Q2: 0.5
Q3: 0.5
Q4: 1
Q5: 1
Q6a: 0.75
Q6b: 0.25
"
21060841,2.0,"Q1: 1
Q2: 0.5
Q3: 0.5
Q4: 0 (incorrect DataFrame grades)
Q5: 0 (code error)
Q6: 0 (code error)
"
22034116,5.0,"Q1: 1
Q2: 0.5
Q3: 0.5
Q4: 1
Q5: 1
Q6a: 0.75
Q6b: 0.25
"
21087019,0.0,"Q1: 0 (code error)
Q2: 0 (code error)
Q3: 0 (code error)
Q4: 0 (code error)
Q5: No submission
Q6: No submission
"
22030629,5.0,"Q1: 1
Q2: 0.5
Q3: 0.5
Q4: 1
Q5: 1
Q6a: 0.75
Q6b: 0.25
"
22024186,0.75,"Q1: 0.75 (you forgot to sort by ID column and reset the index.)
Q2: 0 (incorrect DataFrame grades)
Q3: 0 (incorrect DataFrame grades)
Q4: 0 (code error)
Q5: 0 (code error)
Q6: 0 (code error)
"
21062821,0.0,"Q1: 0 (code error)
Q2: 0 (incorrect DataFrame grades)
Q3: 0 (code error)
Q4: 0 (code error)
Q5: 0 (incorrect DataFrame mean_grades)
Q6: 0 (code error)
"
21088776,4.5,"Q1: 1
Q2: 0.5
Q3: 0 (code error)
Q4: 1
Q5: 1
Q6a: 0.75
Q6b: 0.25
"
22033731,2.0,"Q1: 1
Q2: 0.5
Q3: 0.5
Q4: 0 (code error - there is no column 'Column' in levels DataFrame)
Q5: 0 (code error)
Q6: 0 (code error)
"
21081442,4.5,"Q1: 1
Q2: 0.5
Q3: 0 (code error)
Q4: 1
Q5: 1
Q6a: 0.75
Q6b: 0.25
"
22013369,4.75,"Q1: 0.75 (you forgot to sort by ID column and reset the index.)
Q2: 0.5
Q3: 0.5
Q4: 1
Q5: 1
Q6a: 0.75
Q6b: 0.25
"
22033690,2.0,"Q1: 1
Q2: 0.5
Q3: 0.5
Q4: 0 (code error - there is no column 'Column' in levels DataFrame)
Q5: 0 (code error)
Q6: 0 (code error)
"
21071390,3.0,"Q1: 1
Q2: 0.5
Q3: 0.5
Q4: 0 (code error)
Q5: 0 (code error)
Q6a: 0.75
Q6b: 0.25
"
22019455,2.0,"Q1: 1
Q2: 0.5
Q3: 0.5
Q4: 0 (incorrect DataFrame grades)
Q5: 0 (code error)
Q6: 0 (code error)
"
22019388,5.0,"Q1: 1
Q2: 0.5
Q3: 0.5
Q4: 1
Q5: 1
Q6a: 0.75
Q6b: 0.25
"
22022447,4.75,"Q1: 0.75 (you forgot to sort by ID column and reset the index.)
Q2: 0.5
Q3: 0.5
Q4: 1
Q5: 1
Q6a: 0.75
Q6b: 0.25
"
21089713,1.0,"Q1: 1
Q2: 0 (incorrect DataFrame grades)
Q3: 0 (incorrect DataFrame grades)
Q4: 0 (incorrect DataFrame grades)
Q5: 0 (incorrect DataFrame mean_grades)
Q6: 0 (code error)
"
21065622,4.0,"Q1: 1
Q2: 0.5
Q3: 0.5
Q4: 1
Q5: 1
Q6: 0 (code error)
"
22008590,4.0,"Q1: 0 (code error)
Q2: 0.5
Q3: 0.5
Q4: 1
Q5: 1
Q6a: 0.75
Q6b: 0.25
"
22032813,0.0,"Q1: 0 (code error)
Q2: 0 (code error)
Q3: 0 (code error)
Q4: 0 (code error)
Q5: 0 (code error)
Q6: 0 (code error)
"
22023675,3.0,"Q1: 1
Q2: 0.5
Q3: 0.5
Q4: 0 (code error - there is no column 'Column' in levels DataFrame)
Q5: 0 (incorrect DataFrame mean_grades)
Q6a: 0.75
Q6b: 0.25
"
22030331,4.75,"Q1: 0.75 (you forgot to sort by ID column and reset the index.)
Q2: 0.5
Q3: 0.5
Q4: 1
Q5: 1
Q6a: 0.75
Q6b: 0.25
"
22015151,4.75,"Q1: 0.75 (you forgot to sort by ID column and reset the index.)
Q2: 0.5
Q3: 0.5
Q4: 1
Q5: 1
Q6a: 0.75
Q6b: 0.25
"
22023287,1.0,"Q1: 0 (code error)
Q2: 0.5
Q3: 0.5
Q4: 0 (incorrect DataFrame grades)
Q5: 0 (code error)
Q6: 0 (code error)
"
22031115,4.75,"Q1: 0.75 (you forgot to sort by ID column and reset the index.)
Q2: 0.5
Q3: 0.5
Q4: 1
Q5: 1
Q6a: 0.75
Q6b: 0.25
"
22018704,4.25,"Q1: 1
Q2: 0.5
Q3: 0.5
Q4: 0.5 (incorrect MultiIndex: Databases and Information Theory are mixed up. Use dictionary to assign levels to columns.) 
Q5: 1
Q6a: 0.75
Q6b: 0 (missing or incorrect CSV file)
"
22015028,2.0,"Q1: 1
Q2: 0.5
Q3: 0.5
Q4: 0 (code error - there is no column 'Column' in levels DataFrame)
Q5: 0 (code error)
Q6: 0 (code error)
"
22028117,2.5,"Q1: 0 (incorrect DataFrame grades)
Q2: 0 (code error)
Q3: 0 (code error)
Q4: 0.5 (incorrect MultiIndex: Databases and Information Theory are mixed up. Use dictionary to assign levels to columns.) 
Q5: 1
Q6a: 0.75
Q6b: 0.25
"
22017418,3.0,"Q1: 1
Q2: 0.5
Q3: 0.5
Q4: 0 (code error - there is no column 'Column' in levels DataFrame)
Q5: 0 (incorrect DataFrame mean_grades)
Q6a: 0.75
Q6b: 0.25
"
21082757,2.0,"Q1: 1
Q2: 0.5
Q3: 0.5
Q4: 0 (code error - there is no column 'Column' in levels DataFrame)
Q5: 0 (code error)
Q6: 0 (code error)
"
21066459,5.0,"Q1: 1
Q2: 0.5
Q3: 0.5
Q4: 1
Q5: 1
Q6a: 0.75
Q6b: 0.25
"
22008852,0.0,"Q1: 0 (code error)
Q2: 0 (code error)
Q3: 0 (code error)
Q4: 0 (code error)
Q5: No submission
Q6: No submission
"
22029940,4.25,"Q1: 1
Q2: 0.5
Q3: 0.5
Q4: 0.5 (incorrect MultiIndex: Databases and Information Theory are mixed up. Use dictionary to assign levels to columns.) 
Q5: 1
Q6a: 0.75
Q6b: 0 (missing or incorrect CSV file)
"
22035013,4.0,"Q1: 1
Q2: 0.5
Q3: 0.5
Q4: 0 (incorrect DataFrame grades)
Q5: 1
Q6a: 0.75
Q6b: 0.25
"
22027179,1.25,"Q1: 0 (incorrect DataFrame grades)
Q2: 0 (incorrect DataFrame grades)
Q3: 0 (incorrect DataFrame grades)
Q4: 0.5 (incorrect MultiIndex: Databases and Information Theory are mixed up. Use dictionary to assign levels to columns.) 
Q5: 0 (incorrect DataFrame mean_grades)
Q6a: 0.75
Q6b: 0 (missing or incorrect CSV file)
"
21069773,4.0,"Q1: 1
Q2: 0 (incorrect DataFrame grades)
Q3: 0 (incorrect DataFrame grades)
Q4: 1
Q5: 1
Q6a: 0.75
Q6b: 0.25
"
22019954,1.5,"Q1: 0 (code error)
Q2: 0 (code error)
Q3: 0.5
Q4: 0 (incorrect DataFrame grades)
Q5: 1
Q6: 0 (code error)
"
22016279,3.0,"Q1: 0 (code error)
Q2: 0.5
Q3: 0.5
Q4: 0 (incorrect DataFrame grades)
Q5: 1
Q6a: 0.75
Q6b: 0.25
"
21073209,4.0,"Q1: 1
Q2: 0.5
Q3: 0.5
Q4: 1
Q5: 1
Q6: 0 (code error)
"
22033469,2.5,"Q1: 1
Q2: 0.5
Q3: 0.5
Q4: 0.5 (incorrect MultiIndex: Databases and Information Theory are mixed up. Use dictionary to assign levels to columns.) 
Q5: 0 (incorrect DataFrame mean_grades)
Q6: 0 (code error)
"
22022308,1.0,"Q1: 0 (incorrect DataFrame grades)
Q2: 0.5
Q3: 0.5
Q4: 0 (incorrect DataFrame grades)
Q5: 0 (incorrect DataFrame mean_grades)
Q6: 0 (code error)
"
9264953,3.0,"Q1: 1
Q2: 0.5
Q3: 0.5
Q4: 0 (code error)
Q5: 0 (incorrect DataFrame mean_grades)
Q6a: 0.75
Q6b: 0.25
"
22020950,0.5,"Q1: 0 (code error)
Q2: 0.5
Q3: 0 (code error)
Q4: 0 (code error)
Q5: 0 (code error)
Q6: 0 (code error)
"
21066186,1.0,"Q1: 0 (code error)
Q2: 0.5
Q3: 0.5
Q4: 0 (code error)
Q5: 0 (code error)
Q6: 0 (code error)
"
21083133,4.0,"Q1: 1
Q2: 0.5
Q3: 0.5
Q4: 1
Q5: 1
Q6: 0 (code error)
"
21089746,0.5,"Q1: 0 (code error)
Q2: 0.5
Q3: 0 (code error)
Q4: 0 (code error - there is no column 'Column' in levels DataFrame)
Q5: 0 (code error)
Q6: 0 (code error)
"
21060843,3.0,"Q1: 1
Q2: 0.5
Q3: 0 (incorrect DataFrame grades)
Q4: 0.5 (incorrect MultiIndex: Databases and Information Theory are mixed up. Use dictionary to assign levels to columns.) 
Q5: 0 (code error)
Q6a: 0.75
Q6b: 0.25
"
22034095,2.5,"Q1: 1
Q2: 0.5
Q3: 0 (incorrect DataFrame grades)
Q4: 1
Q5: 0 (code error)
Q6: 0 (code error)
"
22028852,1.0,"Q1: 1
Q2: 0 (code error)
Q3: 0 (code error)
Q4: 0 (code error)
Q5: 0 (code error)
Q6: 0 (code error)
"
21073999,3.0,"Q1: 0 (code error)
Q2: 0.5
Q3: 0.5
Q4: 0 (code error)
Q5: 1
Q6a: 0.75
Q6b: 0.25
"
22019686,0.75,"Q1: 0.75 (you forgot to sort by ID column and reset the index.)
Q2: 0 (incorrect DataFrame grades)
Q3: 0 (incorrect DataFrame grades)
Q4: 0 (code error)
Q5: 0 (code error)
Q6: 0 (code error)
"
21070709,1.0,"Q1: 0 (code error)
Q2: 0 (code error)
Q3: 0 (code error)
Q4: 1
Q5: 0 (code error)
Q6: 0 (code error)
"
21090741,0.5,"Q1: 0 (code error)
Q2: 0.5
Q3: 0 (code error)
Q4: 0 (code error)
Q5: 0 (code error)
Q6: 0 (code error)
"
22033029,2.0,"Q1: 0 (code error)
Q2: 0 (code error)
Q3: 0 (code error)
Q4: 0 (code error)
Q5: 1
Q6a: 0.75
Q6b: 0.25
"
22018497,3.75,"Q1: 0.75 (you forgot to sort by ID column and reset the index.)
Q2: 0.5
Q3: 0.5
Q4: 1
Q5: 0 (incorrect DataFrame mean_grades)
Q6a: 0.75
Q6b: 0.25
"
18001761,3.0,"Q1: 1
Q2: 0.5
Q3: 0.5
Q4: 1
Q5: 0 (code error)
Q6: 0 (code error)
"
22027116,3.5,"Q1: 1
Q2: 0 (incorrect DataFrame grades)
Q3: 0 (incorrect DataFrame grades)
Q4: 0.5 (incorrect MultiIndex: Databases and Information Theory are mixed up. Use dictionary to assign levels to columns.) 
Q5: 1
Q6a: 0.75
Q6b: 0.25
"
22017251,4.0,"Q1: 1
Q2: 0.5
Q3: 0 (incorrect DataFrame grades)
Q4: 0.5 (incorrect MultiIndex: Databases and Information Theory are mixed up. Use dictionary to assign levels to columns.) 
Q5: 1
Q6a: 0.75
Q6b: 0.25
"
22019717,5.0,"Q1: 1
Q2: 0.5
Q3: 0.5
Q4: 1
Q5: 1
Q6a: 0.75
Q6b: 0.25
"
22024041,0.0,"Q1: 0 (incorrect DataFrame grades)
Q2: 0 (incorrect DataFrame grades)
Q3: 0 (code error)
Q4: 0 (code error)
Q5: 0 (code error)
Q6: 0 (code error)
"
21079279,2.0,"Q1: 1
Q2: 0.5
Q3: 0.5
Q4: 0 (code error)
Q5: 0 (incorrect DataFrame mean_grades)
Q6: 0 (code error)
"
21070375,0.0,"Q1: 0 (code error)
Q2: 0 (code error)
Q3: 0 (code error)
Q4: 0 (code error)
Q5: 0 (code error)
Q6: 0 (code error)
"
21088719,0.5,"Q1: 0 (code error)
Q2: 0 (code error)
Q3: 0.5
Q4: 0 (code error - there is no column 'Column' in levels DataFrame)
Q5: 0 (code error)
Q6: 0 (code error)
"
22000481,4.0,"Q1: 1
Q2: 0.5
Q3: 0.5
Q4: 0 (code error)
Q5: 1
Q6a: 0.75
Q6b: 0.25
"
21083402,4.25,"Q1: 1
Q2: 0.5
Q3: 0.5
Q4: 0.5 (incorrect MultiIndex: Databases and Information Theory are mixed up. Use dictionary to assign levels to columns.) 
Q5: 1
Q6a: 0.75
Q6b: 0 (missing or incorrect CSV file)
"
22025724,3.0,"Q1: 1
Q2: 0.5
Q3: 0.5
Q4: 1
Q5: 0 (incorrect DataFrame mean_grades)
Q6: 0 (code error)
"
22035088,2.5,"Q1: 1
Q2: 0.5
Q3: 0.5
Q4: 0.5 (incorrect MultiIndex: Databases and Information Theory are mixed up. Use dictionary to assign levels to columns.) 
Q5: 0 (incorrect DataFrame mean_grades)
Q6: 0 (code error)
"
22001288,4.0,"Q1: 1
Q2: 0.5
Q3: 0 (incorrect DataFrame grades)
Q4: 0.5 (incorrect MultiIndex: Databases and Information Theory are mixed up. Use dictionary to assign levels to columns.) 
Q5: 1
Q6a: 0.75
Q6b: 0.25
"
21072112,2.0,"Q1: 1
Q2: 0.5
Q3: 0.5
Q4: 0 (code error - there is no column 'Column' in levels DataFrame)
Q5: 0 (code error)
Q6: 0 (code error)
"
22036904,2.75,"Q1: 1
Q2: 0 (code error)
Q3: 0 (code error)
Q4: 0 (code error)
Q5: 1
Q6a: 0.75
Q6b: 0 (missing or incorrect CSV file)
"
21087185,0.0,"Q1: 0 (code error)
Q2: 0 (code error)
Q3: 0 (code error)
Q4: 0 (code error - there is no column 'Column' in levels DataFrame)
Q5: 0 (code error)
Q6: 0 (code error)
"
22030995,2.25,"Q1: 0 (incorrect DataFrame grades)
Q2: 0 (code error)
Q3: 0 (code error)
Q4: 0.5 (incorrect MultiIndex: Databases and Information Theory are mixed up. Use dictionary to assign levels to columns.) 
Q5: 1
Q6a: 0.75
Q6b: 0 (missing or incorrect CSV file)
"
22019056,2.5,"Q1: 1
Q2: 0.5
Q3: 0.5
Q4: 0.5 (incorrect MultiIndex: Databases and Information Theory are mixed up. Use dictionary to assign levels to columns.) 
Q5: 0 (incorrect DataFrame mean_grades)
Q6: 0 (code error)
"
22031916,4.25,"Q1: 1
Q2: 0.5
Q3: 0.5
Q4: 0.5 (incorrect MultiIndex: Databases and Information Theory are mixed up. Use dictionary to assign levels to columns.) 
Q5: 1
Q6a: 0.75
Q6b: 0 (missing or incorrect CSV file)
"
21060337,2.0,"Q1: 1
Q2: 0 (incorrect DataFrame grades)
Q3: 0 (incorrect DataFrame grades)
Q4: 1
Q5: 0 (code error)
Q6: 0 (code error)
"
21071843,2.0,"Q1: 1
Q2: 0.5
Q3: 0.5
Q4: 0 (code error - there is no column 'Column' in levels DataFrame)
Q5: 0 (code error)
Q6: 0 (code error)
"
22004878,3.25,"Q1: 0.75 (you forgot to sort by ID column and reset the index.)
Q2: 0.5
Q3: 0 (incorrect DataFrame grades)
Q4: 0 (incorrect DataFrame grades)
Q5: 1
Q6a: 0.75
Q6b: 0.25
"
21061898,3.0,"Q1: 1
Q2: 0.5
Q3: 0.5
Q4: 1
Q5: 0 (code error)
Q6: 0 (code error)
"
22027065,4.25,"Q1: 1
Q2: 0.5
Q3: 0.5
Q4: 0.5 (incorrect MultiIndex: Databases and Information Theory are mixed up. Use dictionary to assign levels to columns.) 
Q5: 1
Q6a: 0.75
Q6b: 0 (missing or incorrect CSV file)
"
21053979,2.0,"Q1: 1
Q2: 0.5
Q3: 0.5
Q4: 0 (code error)
Q5: 0 (code error)
Q6: 0 (code error)
"
22033008,4.25,"Q1: 1
Q2: 0.5
Q3: 0.5
Q4: 0.5 (incorrect MultiIndex: Databases and Information Theory are mixed up. Use dictionary to assign levels to columns.) 
Q5: 1
Q6a: 0.75
Q6b: 0 (missing or incorrect CSV file)
"
22032995,4.25,"Q1: 1
Q2: 0.5
Q3: 0.5
Q4: 0.5 (incorrect MultiIndex: Databases and Information Theory are mixed up. Use dictionary to assign levels to columns.) 
Q5: 1
Q6a: 0.75
Q6b: 0 (missing or incorrect CSV file)
"
22031825,2.5,"Q1: 1
Q2: 0.5
Q3: 0.5
Q4: 0.5 (incorrect MultiIndex: Databases and Information Theory are mixed up. Use dictionary to assign levels to columns.) 
Q5: 0 (code error)
Q6: 0 (code error)
"
22031451,3.5,"Q1: 1
Q2: 0.5
Q3: 0.5
Q4: 0.5 (incorrect MultiIndex: Databases and Information Theory are mixed up. Use dictionary to assign levels to columns.) 
Q5: 0 (incorrect DataFrame mean_grades)
Q6a: 0.75
Q6b: 0.25
"
22009238,4.25,"Q1: 1
Q2: 0.5
Q3: 0.5
Q4: 0.5 (incorrect MultiIndex: Databases and Information Theory are mixed up. Use dictionary to assign levels to columns.) 
Q5: 1
Q6a: 0.75
Q6b: 0 (missing or incorrect CSV file)
"
21032107,4.0,"Q1: 1
Q2: 0.5
Q3: 0.5
Q4: 0 (code error)
Q5: 1
Q6a: 0.75
Q6b: 0.25
"
22033973,1.75,"Q1: 0.75 (you forgot to sort by ID column and reset the index.)
Q2: 0.5
Q3: 0.5
Q4: 0 (code error - there is no column 'Column' in levels DataFrame)
Q5: 0 (code error)
Q6: 0 (code error)
"
22011957,2.0,"Q1: 0 (code error)
Q2: 0.5
Q3: 0.5
Q4: 1
Q5: 0 (incorrect DataFrame mean_grades)
Q6: 0 (code error)
"
22030230,0.0,"Q1: 0 (code error)
Q2: 0 (code error)
Q3: 0 (code error)
Q4: 0 (code error)
Q5: 0 (code error)
Q6: 0 (code error)
"
22033310,2.5,"Q1: 0 (code error)
Q2: 0.5
Q3: 0 (code error)
Q4: 0 (code error)
Q5: 1
Q6a: 0.75
Q6b: 0.25
"
22033170,2.5,"Q1: 1
Q2: 0.5
Q3: 0 (incorrect DataFrame grades)
Q4: 1
Q5: 0 (incorrect DataFrame mean_grades)
Q6: 0 (code error)
"
22022717,3.5,"Q1: 1
Q2: 0 (code error)
Q3: 0 (code error)
Q4: 0.5 (incorrect MultiIndex: Databases and Information Theory are mixed up. Use dictionary to assign levels to columns.) 
Q5: 1
Q6a: 0.75
Q6b: 0.25
"
21084741,1.25,"Q1: 0 (incorrect DataFrame grades)
Q2: 0 (incorrect DataFrame grades)
Q3: 0 (incorrect DataFrame grades)
Q4: 0.5 (incorrect MultiIndex: Databases and Information Theory are mixed up. Use dictionary to assign levels to columns.) 
Q5: 0 (incorrect DataFrame mean_grades)
Q6a: 0.75
Q6b: 0 (missing or incorrect CSV file)
"
21087748,0.0,"Q1: 0 (code error)
Q2: 0 (code error)
Q3: 0 (code error)
Q4: 0 (code error)
Q5: 0 (incorrect DataFrame mean_grades)
Q6: 0 (code error)
"
21094100,2.0,"Q1: 1
Q2: 0.5
Q3: 0.5
Q4: 0 (code error - there is no column 'Column' in levels DataFrame)
Q5: 0 (code error)
Q6: 0 (code error)
"
22026954,4.25,"Q1: 1
Q2: 0.5
Q3: 0.5
Q4: 0.5 (incorrect MultiIndex: Databases and Information Theory are mixed up. Use dictionary to assign levels to columns.) 
Q5: 1
Q6a: 0.75
Q6b: 0 (missing or incorrect CSV file)
"
21061492,4.5,"Q1: 1
Q2: 0.5
Q3: 0.5
Q4: 0.5 (incorrect MultiIndex: Databases and Information Theory are mixed up. Use dictionary to assign levels to columns.) 
Q5: 1
Q6a: 0.75
Q6b: 0.25
"
22031854,4.25,"Q1: 1
Q2: 0.5
Q3: 0.5
Q4: 0.5 (incorrect MultiIndex: Databases and Information Theory are mixed up. Use dictionary to assign levels to columns.) 
Q5: 1
Q6a: 0.75
Q6b: 0 (missing or incorrect CSV file)
"
22030582,2.5,"Q1: 1
Q2: 0.5
Q3: 0.5
Q4: 0.5 (incorrect MultiIndex: Databases and Information Theory are mixed up. Use dictionary to assign levels to columns.) 
Q5: 0 (incorrect DataFrame mean_grades)
Q6: 0 (code error)
"
21046814,5.0,"Q1: 1
Q2: 0.5
Q3: 0.5
Q4: 1
Q5: 1
Q6a: 0.75
Q6b: 0.25
"
21021179,2.75,"Q1: 0.75 (you forgot to sort by ID column and reset the index.)
Q2: 0.5
Q3: 0.5
Q4: 1
Q5: 0 (code error)
Q6: 0 (code error)
"
21084622,4.5,"Q1: 1
Q2: 0.5
Q3: 0.5
Q4: 0.5 (incorrect MultiIndex: Databases and Information Theory are mixed up. Use dictionary to assign levels to columns.) 
Q5: 1
Q6a: 0.75
Q6b: 0.25
"
22014663,3.75,"Q1: 0.75 (you forgot to sort by ID column and reset the index.)
Q2: 0.5
Q3: 0.5
Q4: 0 (incorrect DataFrame grades)
Q5: 1
Q6a: 0.75
Q6b: 0.25
"
21064082,1.0,"Q1: 0 (code error)
Q2: 0.5
Q3: 0.5
Q4: 0 (code error)
Q5: 0 (incorrect DataFrame mean_grades)
Q6: 0 (code error)
"
22033782,4.25,"Q1: 1
Q2: 0.5
Q3: 0.5
Q4: 0.5 (incorrect MultiIndex: Databases and Information Theory are mixed up. Use dictionary to assign levels to columns.) 
Q5: 1
Q6a: 0.75
Q6b: 0 (missing or incorrect CSV file)
"
22027487,4.25,"Q1: 1
Q2: 0.5
Q3: 0.5
Q4: 0.5 (incorrect MultiIndex: Databases and Information Theory are mixed up. Use dictionary to assign levels to columns.) 
Q5: 1
Q6a: 0.75
Q6b: 0 (missing or incorrect CSV file)
"
22024816,4.25,"Q1: 1
Q2: 0.5
Q3: 0.5
Q4: 0.5 (incorrect MultiIndex: Databases and Information Theory are mixed up. Use dictionary to assign levels to columns.) 
Q5: 1
Q6a: 0.75
Q6b: 0 (missing or incorrect CSV file)
"
21067988,3.0,"Q1: 1
Q2: 0.5
Q3: 0.5
Q4: 1
Q5: 0 (code error)
Q6: 0 (code error)
"
22024193,3.5,"Q1: 1
Q2: 0 (incorrect DataFrame grades)
Q3: 0 (incorrect DataFrame grades)
Q4: 0.5 (incorrect MultiIndex: Databases and Information Theory are mixed up. Use dictionary to assign levels to columns.) 
Q5: 1
Q6a: 0.75
Q6b: 0.25
"
22020952,1.75,"Q1: 0.75 (you forgot to sort by ID column and reset the index.)
Q2: 0.5
Q3: 0.5
Q4: 0 (code error - there is no column 'Column' in levels DataFrame)
Q5: 0 (code error)
Q6: 0 (code error)
"
21079895,1.75,"Q1: 0.75 (you forgot to sort by ID column and reset the index.)
Q2: 0 (code error)
Q3: 0 (incorrect DataFrame grades)
Q4: 0 (code error - there is no column 'Column' in levels DataFrame)
Q5: 0 (code error)
Q6a: 0.75
Q6b: 0.25
"
21031615,3.0,"Q1: 1
Q2: 0.5
Q3: 0.5
Q4: 1
Q5: 0 (code error)
Q6: 0 (code error)
"
22022407,4.25,"Q1: 1
Q2: 0.5
Q3: 0.5
Q4: 0.5 (incorrect MultiIndex: Databases and Information Theory are mixed up. Use dictionary to assign levels to columns.) 
Q5: 1
Q6a: 0.75
Q6b: 0 (missing or incorrect CSV file)
"
22023879,4.0,"Q1: 1
Q2: 0.5
Q3: 0.5
Q4: 0 (code error)
Q5: 1
Q6a: 0.75
Q6b: 0.25
"
21078631,3.5,"Q1: 1
Q2: 0.5
Q3: 0 (code error)
Q4: 0 (code error)
Q5: 1
Q6a: 0.75
Q6b: 0.25
"
21088775,4.0,"Q1: 0 (code error)
Q2: 0.5
Q3: 0.5
Q4: 1
Q5: 1
Q6a: 0.75
Q6b: 0.25
"
21069691,3.0,"Q1: 1
Q2: 0.5
Q3: 0.5
Q4: 1
Q5: 0 (code error)
Q6: 0 (code error)
"
22028088,2.5,"Q1: 1
Q2: 0.5
Q3: 0.5
Q4: 0.5 (incorrect MultiIndex: Databases and Information Theory are mixed up. Use dictionary to assign levels to columns.) 
Q5: 0 (incorrect DataFrame mean_grades)
Q6: 0 (code error)
"
22021440,2.0,"Q1: 1
Q2: 0.5
Q3: 0.5
Q4: 0 (code error)
Q5: 0 (code error)
Q6: 0 (code error)
"
21087845,4.0,"Q1: 1
Q2: 0.5
Q3: 0.5
Q4: 0 (incorrect DataFrame grades)
Q5: 1
Q6a: 0.75
Q6b: 0.25
"
22030441,3.0,"Q1: 1
Q2: 0.5
Q3: 0.5
Q4: 1
Q5: 0 (incorrect DataFrame mean_grades)
Q6: 0 (code error)
"
21063319,3.0,"Q1: 1
Q2: 0.5
Q3: 0.5
Q4: 1
Q5: 0 (code error)
Q6: 0 (code error)
"
21081912,0.0,"Q1: 0 (code error)
Q2: 0 (code error)
Q3: 0 (code error)
Q4: 0 (code error)
Q5: 0 (code error)
Q6: 0 (code error)
"
22028171,4.25,"Q1: 1
Q2: 0.5
Q3: 0.5
Q4: 0.5 (incorrect MultiIndex: Databases and Information Theory are mixed up. Use dictionary to assign levels to columns.) 
Q5: 1
Q6a: 0.75
Q6b: 0 (missing or incorrect CSV file)
"
22027918,5.0,"Q1: 1
Q2: 0.5
Q3: 0.5
Q4: 1
Q5: 1
Q6a: 0.75
Q6b: 0.25
"
21091116,4.0,"Q1: 1
Q2: 0 (incorrect DataFrame grades)
Q3: 0 (incorrect DataFrame grades)
Q4: 1
Q5: 1
Q6a: 0.75
Q6b: 0.25
"
21060799,1.0,"Q1: 0 (code error)
Q2: 0.5
Q3: 0.5
Q4: 0 (code error)
Q5: 0 (code error)
Q6: 0 (code error)
"
18025277,0.0,"Q1: 0 (code error)
Q2: 0 (code error)
Q3: 0 (code error)
Q4: 0 (code error - there is no column 'Column' in levels DataFrame)
Q5: 0 (code error)
Q6: 0 (code error)
"
22003118,3.75,"Q1: 1
Q2: 0 (incorrect DataFrame grades)
Q3: 0.5
Q4: 0.5 (incorrect MultiIndex: Databases and Information Theory are mixed up. Use dictionary to assign levels to columns.) 
Q5: 1
Q6a: 0.75
Q6b: 0 (missing or incorrect CSV file)
"
21089120,1.75,"Q1: 0.75 (you forgot to sort by ID column and reset the index.)
Q2: 0.5
Q3: 0.5
Q4: 0 (code error - there is no column 'Column' in levels DataFrame)
Q5: 0 (code error)
Q6: 0 (code error)
"
22017391,2.0,"Q1: 1
Q2: 0.5
Q3: 0.5
Q4: 0 (code error)
Q5: 0 (code error)
Q6: 0 (code error)
"
21077565,0.0,"Q1: 0 (code error)
Q2: 0 (code error)
Q3: 0 (code error)
Q4: 0 (code error)
Q5: 0 (code error)
Q6a: 0 (incorrect DataFrame degrees)
Q6b: 0 (incorrect CSV file)
"
22020732,2.5,"Q1: 1
Q2: 0.5
Q3: 0.5
Q4: 0.5 (incorrect MultiIndex: Databases and Information Theory are mixed up. Use dictionary to assign levels to columns.) 
Q5: 0 (incorrect DataFrame mean_grades)
Q6: 0 (code error)
"
22010011,2.5,"Q1: 1
Q2: 0 (code error)
Q3: 0.5
Q4: 1
Q5: 0 (incorrect DataFrame mean_grades)
Q6: 0 (code error)
"
21032186,3.0,"Q1: 1
Q2: 0.5
Q3: 0.5
Q4: 1
Q5: 0 (code error)
Q6: 0 (code error)
"
21060840,3.0,"Q1: 1
Q2: 0.5
Q3: 0.5
Q4: 1
Q5: 0 (code error)
Q6: 0 (code error)
"
22014780,2.5,"Q1: 1
Q2: 0.5
Q3: 0.5
Q4: 0.5 (incorrect MultiIndex: Databases and Information Theory are mixed up. Use dictionary to assign levels to columns.) 
Q5: 0 (incorrect DataFrame mean_grades)
Q6: 0 (code error)
"
22018731,4.5,"Q1: 1
Q2: 0.5
Q3: 0.5
Q4: 0.5 (incorrect MultiIndex: Databases and Information Theory are mixed up. Use dictionary to assign levels to columns.) 
Q5: 1
Q6a: 0.75
Q6b: 0.25
"
21077444,1.5,"Q1: 1
Q2: 0.5
Q3: 0 (code error)
Q4: 0 (code error - there is no column 'Column' in levels DataFrame)
Q5: 0 (code error)
Q6: 0 (code error)
"
22019057,4.25,"Q1: 1
Q2: 0.5
Q3: 0.5
Q4: 0.5 (incorrect MultiIndex: Databases and Information Theory are mixed up. Use dictionary to assign levels to columns.) 
Q5: 1
Q6a: 0.75
Q6b: 0 (missing or incorrect CSV file)
"
21087723,0.0,"Q1: 0 (code error)
Q2: 0 (code error)
Q3: 0 (code error)
Q4: 0 (code error - there is no column 'Column' in levels DataFrame)
Q5: 0 (code error)
Q6: 0 (code error)
"
22033054,0.0,"Q1: 0 (incorrect DataFrame grades)
Q2: 0 (code error)
Q3: 0 (code error)
Q4: 0 (code error)
Q5: 0 (code error)
Q6: 0 (code error)
"
21065300,5.0,"Q1: 1
Q2: 0.5
Q3: 0.5
Q4: 1
Q5: 1
Q6a: 0.75
Q6b: 0.25
"
22003064,1.5,"Q1: 1
Q2: 0.5
Q3: 0 (incorrect DataFrame grades)
Q4: 0 (incorrect DataFrame grades)
Q5: 0 (incorrect DataFrame mean_grades)
Q6: 0 (code error)
"
21031916,0.0,"Q1: 0 (code error)
Q2: 0 (code error)
Q3: 0 (code error)
Q4: 0 (code error)
Q5: 0 (code error)
Q6: 0 (code error)
"
21074109,0.5,"Q1: 0 (code error)
Q2: 0 (code error)
Q3: 0.5
Q4: 0 (code error - there is no column 'Column' in levels DataFrame)
Q5: 0 (code error)
Q6: 0 (code error)
"
21081185,4.5,"Q1: 1
Q2: 0.5
Q3: 0 (incorrect DataFrame grades)
Q4: 1
Q5: 1
Q6a: 0.75
Q6b: 0.25
"
22020699,4.5,"Q1: 1
Q2: 0.5
Q3: 0.5
Q4: 0.5 (incorrect MultiIndex: Databases and Information Theory are mixed up. Use dictionary to assign levels to columns.) 
Q5: 1
Q6a: 0.75
Q6b: 0.25
"
22021423,1.0,"Q1: 1
Q2: 0 (incorrect DataFrame grades)
Q3: 0 (incorrect DataFrame grades)
Q4: 0 (incorrect DataFrame grades)
Q5: 0 (code error)
Q6: 0 (code error)
"
22013137,4.0,"Q1: 1
Q2: 0.5
Q3: 0.5
Q4: 0 (incorrect DataFrame grades)
Q5: 1
Q6a: 0.75
Q6b: 0.25
"
22023817,3.5,"Q1: 0 (code error)
Q2: 0.5
Q3: 0.5
Q4: 0.5 (incorrect MultiIndex: Databases and Information Theory are mixed up. Use dictionary to assign levels to columns.) 
Q5: 1
Q6a: 0.75
Q6b: 0.25
"
22008838,1.75,"Q1: 0.75 (you forgot to sort by ID column and reset the index.)
Q2: 0.5
Q3: 0.5
Q4: 0 (code error - there is no column 'Column' in levels DataFrame)
Q5: 0 (code error)
Q6: 0 (code error)
"
21059045,2.5,"Q1: 0 (code error)
Q2: 0.5
Q3: 0 (incorrect DataFrame grades)
Q4: 1
Q5: 1
Q6a: 0 (incorrect DataFrame degrees)
Q6b: 0 (incorrect CSV file)
"
22032918,2.0,"Q1: 1
Q2: 0 (code error)
Q3: 0.5
Q4: 0.5 (incorrect MultiIndex: Databases and Information Theory are mixed up. Use dictionary to assign levels to columns.) 
Q5: 0 (incorrect DataFrame mean_grades)
Q6: 0 (code error)
"
22034665,4.5,"Q1: 1
Q2: 0.5
Q3: 0.5
Q4: 0.5 (incorrect MultiIndex: Databases and Information Theory are mixed up. Use dictionary to assign levels to columns.) 
Q5: 1
Q6a: 0.75
Q6b: 0.25
"
21031876,4.0,"Q1: 1
Q2: 0 (incorrect DataFrame grades)
Q3: 0 (incorrect DataFrame grades)
Q4: 1
Q5: 1
Q6a: 0.75
Q6b: 0.25
"
21069118,2.0,"Q1: 1
Q2: 0 (incorrect DataFrame grades)
Q3: 0 (incorrect DataFrame grades)
Q4: 1
Q5: 0 (code error)
Q6: 0 (code error)
"
22013012,4.5,"Q1: 1
Q2: 0.5
Q3: 0.5
Q4: 0.5 (incorrect MultiIndex: Databases and Information Theory are mixed up. Use dictionary to assign levels to columns.) 
Q5: 1
Q6a: 0.75
Q6b: 0.25
"
21060940,1.75,"Q1: 0.75 (you forgot to sort by ID column and reset the index.)
Q2: 0.5
Q3: 0.5
Q4: 0 (code error - there is no column 'Column' in levels DataFrame)
Q5: 0 (code error)
Q6: 0 (code error)
"
22033769,4.25,"Q1: 1
Q2: 0.5
Q3: 0.5
Q4: 0.5 (incorrect MultiIndex: Databases and Information Theory are mixed up. Use dictionary to assign levels to columns.) 
Q5: 1
Q6a: 0.75
Q6b: 0 (missing or incorrect CSV file)
"
21062872,5.0,"Q1: 1
Q2: 0.5
Q3: 0.5
Q4: 1
Q5: 1
Q6a: 0.75
Q6b: 0.25
"
22024464,4.25,"Q1: 1
Q2: 0.5
Q3: 0.5
Q4: 0.5 (incorrect MultiIndex: Databases and Information Theory are mixed up. Use dictionary to assign levels to columns.) 
Q5: 1
Q6a: 0.75
Q6b: 0 (missing or incorrect CSV file)
"
22027370,3.25,"Q1: 1
Q2: 0.5
Q3: 0.5
Q4: 0.5 (incorrect MultiIndex: Databases and Information Theory are mixed up. Use dictionary to assign levels to columns.) 
Q5: 0 (incorrect DataFrame mean_grades)
Q6a: 0.75
Q6b: 0 (missing or incorrect CSV file)
"
21085206,5.0,"Q1: 1
Q2: 0.5
Q3: 0.5
Q4: 1
Q5: 1
Q6a: 0.75
Q6b: 0.25
"
21031682,5.0,"Q1: 1
Q2: 0.5
Q3: 0.5
Q4: 1
Q5: 1
Q6a: 0.75
Q6b: 0.25
"
22014806,1.5,"Q1: 0 (code error)
Q2: 0.5
Q3: 0.5
Q4: 0.5 (incorrect MultiIndex: Databases and Information Theory are mixed up. Use dictionary to assign levels to columns.) 
Q5: 0 (incorrect DataFrame mean_grades)
Q6: 0 (code error)
"
21064090,3.0,"Q1: 1
Q2: 0.5
Q3: 0.5
Q4: 1
Q5: 0 (code error)
Q6: 0 (code error)
"
22021169,4.5,"Q1: 1
Q2: 0.5
Q3: 0.5
Q4: 0.5 (incorrect MultiIndex: Databases and Information Theory are mixed up. Use dictionary to assign levels to columns.) 
Q5: 1
Q6a: 0.75
Q6b: 0.25
"
21084824,3.0,"Q1: 1
Q2: 0.5
Q3: 0.5
Q4: 1
Q5: 0 (code error)
Q6: 0 (code error)
"
22031328,2.0,"Q1: 0 (incorrect DataFrame grades)
Q2: 0 (incorrect DataFrame grades)
Q3: 0 (incorrect DataFrame grades)
Q4: 0 (incorrect DataFrame grades)
Q5: 1
Q6a: 0.75
Q6b: 0.25
"
21062529,4.0,"Q1: 1
Q2: 0.5
Q3: 0.5
Q4: 0 (code error)
Q5: 1
Q6a: 0.75
Q6b: 0.25
"
21090705,4.0,"Q1: 1
Q2: 0 (incorrect DataFrame grades)
Q3: 0 (incorrect DataFrame grades)
Q4: 1
Q5: 1
Q6a: 0.75
Q6b: 0.25
"
22000809,2.5,"Q1: 1
Q2: 0.5
Q3: 0.5
Q4: 0.5 (incorrect MultiIndex: Databases and Information Theory are mixed up. Use dictionary to assign levels to columns.) 
Q5: 0 (incorrect DataFrame mean_grades)
Q6: 0 (code error)
"
22010955,2.5,"Q1: 1
Q2: 0.5
Q3: 0.5
Q4: 0.5 (incorrect MultiIndex: Databases and Information Theory are mixed up. Use dictionary to assign levels to columns.) 
Q5: 0 (incorrect DataFrame mean_grades)
Q6: 0 (code error)
"
22020227,4.25,"Q1: 1
Q2: 0.5
Q3: 0.5
Q4: 0.5 (incorrect MultiIndex: Databases and Information Theory are mixed up. Use dictionary to assign levels to columns.) 
Q5: 1
Q6a: 0.75
Q6b: 0 (missing or incorrect CSV file)
"
22030006,2.0,"Q1: 1
Q2: 0.5
Q3: 0.5
Q4: 0 (incorrect DataFrame grades)
Q5: 0 (code error)
Q6: 0 (code error)
"
22032127,2.0,"Q1: 1
Q2: 0.5
Q3: 0.5
Q4: 0 (incorrect DataFrame grades)
Q5: 0 (code error)
Q6: 0 (code error)
"
22036785,2.0,"Q1: 0 (code error)
Q2: 0.5
Q3: 0.5
Q4: 1
Q5: 0 (incorrect DataFrame mean_grades)
Q6: 0 (code error)
"
22026155,4.25,"Q1: 1
Q2: 0.5
Q3: 0.5
Q4: 0.5 (incorrect MultiIndex: Databases and Information Theory are mixed up. Use dictionary to assign levels to columns.) 
Q5: 1
Q6a: 0.75
Q6b: 0 (missing or incorrect CSV file)
"
21067973,2.0,"Q1: 1
Q2: 0.5
Q3: 0.5
Q4: 0 (code error)
Q5: 0 (code error)
Q6: 0 (code error)
"
21065257,5.0,"Q1: 1
Q2: 0.5
Q3: 0.5
Q4: 1
Q5: 1
Q6a: 0.75
Q6b: 0.25
"
22033191,4.5,"Q1: 1
Q2: 0.5
Q3: 0.5
Q4: 0.5 (incorrect MultiIndex: Databases and Information Theory are mixed up. Use dictionary to assign levels to columns.) 
Q5: 1
Q6a: 0.75
Q6b: 0.25
"
22014212,4.25,"Q1: 1
Q2: 0.5
Q3: 0.5
Q4: 0.5 (incorrect MultiIndex: Databases and Information Theory are mixed up. Use dictionary to assign levels to columns.) 
Q5: 1
Q6a: 0.75
Q6b: 0 (missing or incorrect CSV file)
"
21079910,3.0,"Q1: 1
Q2: 0.5
Q3: 0.5
Q4: 0 (code error)
Q5: 0 (code error)
Q6a: 0.75
Q6b: 0.25
"
22032987,1.0,"Q1: 1
Q2: 0 (code error)
Q3: 0 (code error)
Q4: 0 (code error - there is no column 'Column' in levels DataFrame)
Q5: 0 (code error)
Q6: 0 (code error)
"
22033606,5.0,"Q1: 1
Q2: 0.5
Q3: 0.5
Q4: 1
Q5: 1
Q6a: 0.75
Q6b: 0.25
"
21061615,3.0,"Q1: 1
Q2: 0.5
Q3: 0.5
Q4: 1
Q5: 0 (code error)
Q6: 0 (code error)
"
21069608,2.0,"Q1: 0 (code error)
Q2: 0.5
Q3: 0.5
Q4: 1
Q5: 0 (incorrect DataFrame mean_grades)
Q6: 0 (code error)
"
22032880,3.0,"Q1: 1
Q2: 0.5
Q3: 0.5
Q4: 1
Q5: 0 (incorrect DataFrame mean_grades)
Q6: 0 (code error)
"
22032245,4.5,"Q1: 1
Q2: 0.5
Q3: 0.5
Q4: 0.5 (incorrect MultiIndex: Databases and Information Theory are mixed up. Use dictionary to assign levels to columns.) 
Q5: 1
Q6a: 0.75
Q6b: 0.25
"
22033511,2.0,"Q1: 1
Q2: 0.5
Q3: 0.5
Q4: 0 (incorrect DataFrame grades)
Q5: 0 (code error)
Q6: 0 (code error)
"
22032354,3.25,"Q1: 1
Q2: 0.5
Q3: 0.5
Q4: 1
Q5: 0 (incorrect DataFrame mean_grades)
Q6a: 0 (incorrect DataFrame degrees)
Q6b: 0.25
"
21091112,1.75,"Q1: 0.75 (you forgot to sort by ID column and reset the index.)
Q2: 0.5
Q3: 0.5
Q4: 0 (code error - there is no column 'Column' in levels DataFrame)
Q5: 0 (code error)
Q6: 0 (code error)
"
21076866,0.5,"Q1: 0 (code error)
Q2: 0.5
Q3: 0 (code error)
Q4: 0 (code error)
Q5: 0 (code error)
Q6: 0 (code error)
"
22018864,1.75,"Q1: 0.75 (you forgot to sort by ID column and reset the index.)
Q2: 0.5
Q3: 0.5
Q4: 0 (code error - there is no column 'Column' in levels DataFrame)
Q5: 0 (code error)
Q6: 0 (code error)
"
21056410,2.0,"Q1: 1
Q2: 0.5
Q3: 0.5
Q4: 0 (code error)
Q5: 0 (code error)
Q6: 0 (code error)
"
21087223,2.5,"Q1: 1
Q2: 0.5
Q3: 0.5
Q4: 0.5 (incorrect MultiIndex: Databases and Information Theory are mixed up. Use dictionary to assign levels to columns.) 
Q5: 0 (incorrect DataFrame mean_grades)
Q6: 0 (code error)
"
21091105,4.0,"Q1: 1
Q2: 0 (incorrect DataFrame grades)
Q3: 0 (incorrect DataFrame grades)
Q4: 1
Q5: 1
Q6a: 0.75
Q6b: 0.25
"
21069702,3.0,"Q1: 1
Q2: 0.5
Q3: 0.5
Q4: 1
Q5: 0 (incorrect DataFrame mean_grades)
Q6: 0 (code error)
"
21090263,4.5,"Q1: 1
Q2: 0.5
Q3: 0.5
Q4: 0.5 (incorrect MultiIndex: Databases and Information Theory are mixed up. Use dictionary to assign levels to columns.) 
Q5: 1
Q6a: 0.75
Q6b: 0.25
"
22027731,2.5,"Q1: 1
Q2: 0.5
Q3: 0.5
Q4: 0.5 (incorrect MultiIndex: Databases and Information Theory are mixed up. Use dictionary to assign levels to columns.) 
Q5: 0 (incorrect DataFrame mean_grades)
Q6: 0 (code error)
"
21077964,1.0,"Q1: 0 (code error)
Q2: 0.5
Q3: 0.5
Q4: 0 (code error)
Q5: 0 (code error)
Q6: 0 (code error)
"
21087736,1.0,"Q1: 1
Q2: 0 (code error)
Q3: 0 (incorrect DataFrame grades)
Q4: 0 (code error)
Q5: 0 (code error)
Q6: 0 (code error)
"
22026993,2.5,"Q1: 1
Q2: 0 (incorrect DataFrame grades)
Q3: 0.5
Q4: 0 (code error)
Q5: 0 (code error)
Q6a: 0.75
Q6b: 0.25
"
21066576,0.0,"Q1: 0 (incorrect DataFrame grades)
Q2: 0 (incorrect DataFrame grades)
Q3: 0 (incorrect DataFrame grades)
Q4: 0 (incorrect DataFrame grades)
Q5: 0 (incorrect DataFrame mean_grades)
Q6a: 0 (incorrect DataFrame degrees)
Q6b: 0 (missing or incorrect CSV file)
"
22014871,3.75,"Q1: 1
Q2: 0.5
Q3: 0.5
Q4: 0 (code error)
Q5: 1
Q6a: 0.75
Q6b: 0 (missing or incorrect CSV file)
"
22021887,1.0,"Q1: 1
Q2: 0 (incorrect DataFrame grades)
Q3: 0 (incorrect DataFrame grades)
Q4: 0 (code error)
Q5: 0 (code error)
Q6a: 0 (incorrect DataFrame degrees)
Q6b: 0 (missing or incorrect CSV file)
"
21061906,2.0,"Q1: 0 (code error)
Q2: 0.5
Q3: 0.5
Q4: 1
Q5: 0 (code error)
Q6: 0 (code error)
"
22002781,0.5,"Q1: 0 (code error)
Q2: 0 (code error)
Q3: 0.5
Q4: 0 (code error - there is no column 'Column' in levels DataFrame)
Q5: 0 (code error)
Q6: 0 (code error)
"
22033688,0.0,"Q1: 0 (code error)
Q2: 0 (code error)
Q3: 0 (code error)
Q4: 0 (code error)
Q5: 0 (code error)
Q6: 0 (code error)
"
22012335,4.25,"Q1: 1
Q2: 0.5
Q3: 0.5
Q4: 0.5 (incorrect MultiIndex: Databases and Information Theory are mixed up. Use dictionary to assign levels to columns.) 
Q5: 1
Q6a: 0.75
Q6b: 0 (missing or incorrect CSV file)
"
22020836,2.0,"Q1: 1
Q2: 0.5
Q3: 0.5
Q4: 0 (code error - there is no column 'Column' in levels DataFrame)
Q5: 0 (incorrect DataFrame mean_grades)
Q6: 0 (code error)
"
22032658,3.0,"Q1: 1
Q2: 0.5
Q3: 0.5
Q4: 1
Q5: 0 (incorrect DataFrame mean_grades)
Q6: 0 (code error)
"
22033009,3.0,"Q1: 1
Q2: 0.5
Q3: 0.5
Q4: 1
Q5: 0 (incorrect DataFrame mean_grades)
Q6: 0 (code error)
"
22026480,4.75,"Q1: 1
Q2: 0.5
Q3: 0.5
Q4: 1
Q5: 1
Q6a: 0.75
Q6b: 0 (missing or incorrect CSV file)
"
21060292,4.5,"Q1: 1
Q2: 0 (code error)
Q3: 0.5
Q4: 1
Q5: 1
Q6a: 0.75
Q6b: 0.25
"
21058337,1.25,"Q1: 0.75 (you forgot to sort by ID column and reset the index.)
Q2: 0.5
Q3: 0 (code error)
Q4: 0 (incorrect DataFrame grades)
Q5: 0 (incorrect DataFrame mean_grades)
Q6: 0 (code error)
"
21065287,4.0,"Q1: 1
Q2: 0.5
Q3: 0.5
Q4: 1
Q5: 1
Q6a: 0 (incorrect DataFrame degrees)
Q6b: 0 (incorrect CSV file)
"
21059972,2.5,"Q1: 1
Q2: 0.5
Q3: 0.5
Q4: 0.5 (incorrect MultiIndex: Databases and Information Theory are mixed up. Use dictionary to assign levels to columns.) 
Q5: 0 (incorrect DataFrame mean_grades)
Q6: 0 (code error)
"
21087866,1.5,"Q1: 1
Q2: 0.5
Q3: 0 (code error)
Q4: 0 (code error - there is no column 'Column' in levels DataFrame)
Q5: 0 (code error)
Q6: 0 (code error)
"
21063203,3.0,"Q1: 1
Q2: 0.5
Q3: 0.5
Q4: 1
Q5: 0 (incorrect DataFrame mean_grades)
Q6: 0 (code error)
"
21088796,1.0,"Q1: 0 (code error)
Q2: 0 (code error)
Q3: 0 (code error)
Q4: 1
Q5: 0 (code error)
Q6: 0 (code error)
"
21077794,4.5,"Q1: 1
Q2: 0.5
Q3: 0 (incorrect DataFrame grades)
Q4: 1
Q5: 1
Q6a: 0.75
Q6b: 0.25
"
22007583,3.0,"Q1: 1
Q2: 0.5
Q3: 0.5
Q4: 1
Q5: 0 (incorrect DataFrame mean_grades)
Q6: 0 (code error)
"
22022295,4.25,"Q1: 1
Q2: 0.5
Q3: 0.5
Q4: 0.5 (incorrect MultiIndex: Databases and Information Theory are mixed up. Use dictionary to assign levels to columns.) 
Q5: 1
Q6a: 0.75
Q6b: 0 (missing or incorrect CSV file)
"
21001551,4.0,"Q1: 1
Q2: 0.5
Q3: 0.5
Q4: 0 (code error)
Q5: 1
Q6a: 0.75
Q6b: 0.25
"
22030494,5.0,"Q1: 1
Q2: 0.5
Q3: 0.5
Q4: 1
Q5: 1
Q6a: 0.75
Q6b: 0.25
"
22022247,2.0,"Q1: 1
Q2: 0.5
Q3: 0.5
Q4: 0 (code error - there is no column 'Column' in levels DataFrame)
Q5: 0 (code error)
Q6: 0 (code error)
"
22024306,1.0,"Q1: 0 (code error)
Q2: 0 (code error)
Q3: 0 (code error)
Q4: 1
Q5: 0 (code error)
Q6: 0 (code error)
"
21090446,4.0,"Q1: 1
Q2: 0 (incorrect DataFrame grades)
Q3: 0 (incorrect DataFrame grades)
Q4: 1
Q5: 1
Q6a: 0.75
Q6b: 0.25
"
21049397,3.0,"Q1: 1
Q2: 0.5
Q3: 0.5
Q4: 0 (code error)
Q5: 0 (code error)
Q6a: 0.75
Q6b: 0.25
"
21076384,4.0,"Q1: 0 (code error)
Q2: 0.5
Q3: 0.5
Q4: 1
Q5: No submission
Q6: No submission
"
21059244,3.0,"Q1: 1
Q2: 0.5
Q3: 0.5
Q4: 1
Q5: 0 (incorrect DataFrame mean_grades)
Q6: 0 (code error)
"
22026516,2.0,"Q1: 0 (code error)
Q2: 0.5
Q3: 0.5
Q4: 1
Q5: 0 (incorrect DataFrame mean_grades)
Q6: 0 (code error)
"
21064790,4.0,"Q1: 1
Q2: 0.5
Q3: 0.5
Q4: 0 (code error)
Q5: 1
Q6a: 0.75
Q6b: 0.25
"
22010044,1.5,"Q1: 1
Q2: 0 (code error)
Q3: 0.5
Q4: 0 (code error)
Q5: 0 (incorrect DataFrame mean_grades)
Q6: 0 (code error)
"
21081427,0.5,"Q1: 0 (code error)
Q2: 0.5
Q3: 0 (code error)
Q4: 0 (code error - there is no column 'Column' in levels DataFrame)
Q5: 0 (code error)
Q6: 0 (code error)
"
21068225,0.0,"Q1: 0 (code error)
Q2: 0 (code error)
Q3: 0 (code error)
Q4: 0 (code error)
Q5: 0 (code error)
Q6: 0 (code error)
"
22001928,1.0,"Q1: 0 (code error)
Q2: 0.5
Q3: 0.5
Q4: 0 (code error - there is no column 'Column' in levels DataFrame)
Q5: 0 (code error)
Q6: 0 (code error)
"
22037101,0.5,"Q1: 0 (code error)
Q2: 0.5
Q3: 0 (code error)
Q4: 0 (code error - there is no column 'Column' in levels DataFrame)
Q5: 0 (code error)
Q6: 0 (code error)
"
21057995,4.5,"Q1: 1
Q2: 0.5
Q3: 0 (code error)
Q4: 1
Q5: 1
Q6a: 0.75
Q6b: 0.25
"
21078957,4.0,"Q1: 0 (code error)
Q2: 0.5
Q3: 0.5
Q4: 1
Q5: 1
Q6a: 0.75
Q6b: 0.25
"
21056345,4.0,"Q1: 1
Q2: 0.5
Q3: 0.5
Q4: 0 (code error)
Q5: 1
Q6a: 0.75
Q6b: 0.25
"
21070731,5.0,"Q1: 1
Q2: 0.5
Q3: 0.5
Q4: 1
Q5: 1
Q6a: 0.75
Q6b: 0.25
"
22032994,2.5,"Q1: 1
Q2: 0.5
Q3: 0.5
Q4: 0.5 (incorrect MultiIndex: Databases and Information Theory are mixed up. Use dictionary to assign levels to columns.) 
Q5: 0 (incorrect DataFrame mean_grades)
Q6: 0 (code error)
"
21078449,1.0,"Q1: 1
Q2: 0 (incorrect DataFrame grades)
Q3: 0 (code error)
Q4: 0 (code error)
Q5: 0 (incorrect DataFrame mean_grades)
Q6: 0 (code error)
"
22030848,4.5,"Q1: 1
Q2: 0.5
Q3: 0.5
Q4: 0.5 (incorrect MultiIndex: Databases and Information Theory are mixed up. Use dictionary to assign levels to columns.) 
Q5: 1
Q6a: 0.75
Q6b: 0.25
"
21059393,2.5,"Q1: 1
Q2: 0.5
Q3: 0 (code error)
Q4: 1
Q5: 0 (incorrect DataFrame mean_grades)
Q6: 0 (code error)
"
22034785,1.5,"Q1: 0 (code error)
Q2: 0.5
Q3: 0 (code error)
Q4: 1
Q5: 0 (incorrect DataFrame mean_grades)
Q6: 0 (code error)
"
21065332,3.0,"Q1: 1
Q2: 0.5
Q3: 0.5
Q4: 1
Q5: 0 (incorrect DataFrame mean_grades)
Q6: 0 (code error)
"
22023493,3.0,"Q1: 1
Q2: 0.5
Q3: 0.5
Q4: 1
Q5: 0 (incorrect DataFrame mean_grades)
Q6: 0 (code error)
"
22014197,4.25,"Q1: 1
Q2: 0.5
Q3: 0.5
Q4: 0.5 (incorrect MultiIndex: Databases and Information Theory are mixed up. Use dictionary to assign levels to columns.) 
Q5: 1
Q6a: 0.75
Q6b: 0 (missing or incorrect CSV file)
"
21080899,1.0,"Q1: 0 (code error)
Q2: 0 (code error)
Q3: 0 (code error)
Q4: 1
Q5: 0 (code error)
Q6: 0 (code error)
"
21086849,2.0,"Q1: 1
Q2: 0.5
Q3: 0.5
Q4: 0 (code error)
Q5: 0 (code error)
Q6: 0 (code error)
"
22022080,4.25,"Q1: 1
Q2: 0.5
Q3: 0.5
Q4: 0.5 (incorrect MultiIndex: Databases and Information Theory are mixed up. Use dictionary to assign levels to columns.) 
Q5: 1
Q6a: 0.75
Q6b: 0 (missing or incorrect CSV file)
"
22026244,0.0,"Q1: 0 (code error)
Q2: 0 (code error)
Q3: 0 (code error)
Q4: 0 (code error)
Q5: 0 (code error)
Q6: 0 (code error)
"
21069497,3.0,"Q1: 0 (code error)
Q2: 0 (code error)
Q3: 0 (code error)
Q4: 1
Q5: 1
Q6a: 0.75
Q6b: 0.25
"
21083834,4.0,"Q1: 1
Q2: 0 (incorrect DataFrame grades)
Q3: 0 (incorrect DataFrame grades)
Q4: 1
Q5: 1
Q6a: 0.75
Q6b: 0.25
"
22031931,3.0,"Q1: 1
Q2: 0.5
Q3: 0.5
Q4: 1
Q5: 0 (incorrect DataFrame mean_grades)
Q6: 0 (code error)
"
22033502,0.0,"Q1: 0 (code error)
Q2: 0 (code error)
Q3: 0 (code error)
Q4: No submission
Q5: No submission
Q6: No submission
"
21089866,1.0,"Q1: 0 (code error)
Q2: 0.5
Q3: 0.5
Q4: 0 (code error)
Q5: 0 (code error)
Q6: 0 (code error)
"
22033174,3.25,"Q1: 1
Q2: 0 (code error)
Q3: 0 (code error)
Q4: 0.5 (incorrect MultiIndex: Databases and Information Theory are mixed up. Use dictionary to assign levels to columns.) 
Q5: 1
Q6a: 0.75
Q6b: 0 (missing or incorrect CSV file)
"
22021986,3.25,"Q1: 1
Q2: 0.5
Q3: 0.5
Q4: 1
Q5: 0 (incorrect DataFrame mean_grades)
Q6a: 0 (incorrect DataFrame degrees)
Q6b: 0.25
"
22019524,3.0,"Q1: 1
Q2: 0.5
Q3: 0.5
Q4: 1
Q5: 0 (incorrect DataFrame mean_grades)
Q6: 0 (code error)
"
21083517,2.0,"Q1: 1
Q2: 0 (incorrect DataFrame grades)
Q3: 0 (incorrect DataFrame grades)
Q4: 1
Q5: 0 (code error)
Q6: 0 (code error)
"
21077977,4.0,"Q1: 1
Q2: 0 (incorrect DataFrame grades)
Q3: 0 (incorrect DataFrame grades)
Q4: 1
Q5: 1
Q6a: 0.75
Q6b: 0.25
"
21079264,2.0,"Q1: 1
Q2: 0 (incorrect DataFrame grades)
Q3: 0 (incorrect DataFrame grades)
Q4: 1
Q5: 0 (code error)
Q6: 0 (code error)
"
22018185,4.25,"Q1: 1
Q2: 0.5
Q3: 0.5
Q4: 0.5 (incorrect MultiIndex: Databases and Information Theory are mixed up. Use dictionary to assign levels to columns.) 
Q5: 1
Q6a: 0.75
Q6b: 0 (missing or incorrect CSV file)
"
22031471,5.0,"Q1: 1
Q2: 0.5
Q3: 0.5
Q4: 1
Q5: 1
Q6a: 0.75
Q6b: 0.25
"
22030277,4.5,"Q1: 1
Q2: 0.5
Q3: 0.5
Q4: 0.5 (incorrect MultiIndex: Databases and Information Theory are mixed up. Use dictionary to assign levels to columns.) 
Q5: 1
Q6a: 0.75
Q6b: 0.25
"
21079257,1.0,"Q1: 1
Q2: 0 (incorrect DataFrame grades)
Q3: 0 (incorrect DataFrame grades)
Q4: 0 (incorrect DataFrame grades)
Q5: 0 (code error)
Q6: 0 (code error)
"
22014268,2.5,"Q1: 0 (code error)
Q2: 0.5
Q3: 0 (incorrect DataFrame grades)
Q4: 1
Q5: 1
Q6: 0 (code error)
"
22021651,3.0,"Q1: 1
Q2: 0.5
Q3: 0.5
Q4: 1
Q5: 0 (incorrect DataFrame mean_grades)
Q6: 0 (code error)
"
21076924,4.0,"Q1: 1
Q2: 0.5
Q3: 0.5
Q4: 0 (code error)
Q5: 1
Q6a: 0.75
Q6b: 0.25
"
21084757,0.75,"Q1: 0.75 (you forgot to sort by ID column and reset the index.)
Q2: 0 (incorrect DataFrame grades)
Q3: 0 (incorrect DataFrame grades)
Q4: 0 (code error - there is no column 'Column' in levels DataFrame)
Q5: 0 (code error)
Q6: 0 (code error)
"
21085095,1.0,"Q1: 1
Q2: 0 (code error)
Q3: 0 (code error)
Q4: 0 (code error)
Q5: 0 (code error)
Q6: 0 (code error)
"
22018315,2.0,"Q1: 0 (code error)
Q2: 0.5
Q3: 0.5
Q4: 1
Q5: 0 (incorrect DataFrame mean_grades)
Q6: 0 (code error)
"
21078125,4.0,"Q1: 1
Q2: 0.5
Q3: 0.5
Q4: 0 (code error)
Q5: 1
Q6a: 0.75
Q6b: 0.25
"
22022321,4.25,"Q1: 1
Q2: 0.5
Q3: 0.5
Q4: 0.5 (incorrect MultiIndex: Databases and Information Theory are mixed up. Use dictionary to assign levels to columns.) 
Q5: 1
Q6a: 0.75
Q6b: 0 (missing or incorrect CSV file)
"
22021442,0.5,"Q1: 0 (code error)
Q2: 0.5
Q3: 0 (code error)
Q4: 0 (code error)
Q5: 0 (code error)
Q6: 0 (code error)
"
21031782,3.0,"Q1: 0 (code error)
Q2: 0.5
Q3: 0.5
Q4: 0 (code error - there is no column 'Column' in levels DataFrame)
Q5: 1
Q6a: 0.75
Q6b: 0.25
"
22015946,2.0,"Q1: 1
Q2: 0.5
Q3: 0.5
Q4: 0 (code error)
Q5: 0 (code error)
Q6: 0 (code error)
"
21069406,3.5,"Q1: 1
Q2: 0.5
Q3: 0 (code error)
Q4: 1
Q5: 0 (code error)
Q6a: 0.75
Q6b: 0.25
"
22035083,1.0,"Q1: 0 (code error)
Q2: 0.5
Q3: 0.5
Q4: 0 (code error)
Q5: 0 (code error)
Q6: 0 (code error)
"
22024044,1.0,"Q1: 1
Q2: 0 (incorrect DataFrame grades)
Q3: 0 (incorrect DataFrame grades)
Q4: 0 (incorrect DataFrame grades)
Q5: 0 (incorrect DataFrame mean_grades)
Q6: 0 (code error)
"
22003331,4.25,"Q1: 1
Q2: 0.5
Q3: 0.5
Q4: 0.5 (incorrect MultiIndex: Databases and Information Theory are mixed up. Use dictionary to assign levels to columns.) 
Q5: 1
Q6a: 0.75
Q6b: 0 (missing or incorrect CSV file)
"
21071643,4.0,"Q1: 1
Q2: 0.5
Q3: 0.5
Q4: 0 (code error)
Q5: 1
Q6a: 0.75
Q6b: 0.25
"
22020862,4.5,"Q1: 1
Q2: 0.5
Q3: 0 (incorrect DataFrame grades)
Q4: 1
Q5: 1
Q6a: 0.75
Q6b: 0.25
"
21076039,4.0,"Q1: 1
Q2: 0 (incorrect DataFrame grades)
Q3: 0 (incorrect DataFrame grades)
Q4: 1
Q5: 1
Q6a: 0.75
Q6b: 0.25
"
22019461,2.0,"Q1: 1
Q2: 0.5
Q3: 0.5
Q4: 0 (code error)
Q5: 0 (code error)
Q6: 0 (code error)
"
21084603,4.0,"Q1: 1
Q2: 0.5
Q3: 0.5
Q4: 0 (code error)
Q5: 1
Q6a: 0.75
Q6b: 0.25
"
21089515,4.25,"Q1: 1
Q2: 0.5
Q3: 0.5
Q4: 0.5 (incorrect MultiIndex: Databases and Information Theory are mixed up. Use dictionary to assign levels to columns.) 
Q5: 1
Q6a: 0.75
Q6b: 0 (missing or incorrect CSV file)
"
21083870,4.0,"Q1: 1
Q2: 0 (incorrect DataFrame grades)
Q3: 0 (incorrect DataFrame grades)
Q4: 1
Q5: 1
Q6a: 0.75
Q6b: 0.25
"
22030390,3.25,"Q1: 1
Q2: 0.5
Q3: 0.5
Q4: 1
Q5: 0 (incorrect DataFrame mean_grades)
Q6a: 0 (incorrect DataFrame degrees)
Q6b: 0.25
"
22003565,3.0,"Q1: 1
Q2: 0.5
Q3: 0.5
Q4: 1
Q5: 0 (code error)
Q6: 0 (code error)
"
22016255,3.0,"Q1: 1
Q2: 0.5
Q3: 0.5
Q4: 1
Q5: 0 (incorrect DataFrame mean_grades)
Q6: 0 (code error)
"
22026785,3.25,"Q1: 1
Q2: 0.5
Q3: 0.5
Q4: 1
Q5: 0 (incorrect DataFrame mean_grades)
Q6a: 0 (incorrect DataFrame degrees)
Q6b: 0.25
"
22024053,4.5,"Q1: 1
Q2: 0.5
Q3: 0.5
Q4: 0.5 (incorrect MultiIndex: Databases and Information Theory are mixed up. Use dictionary to assign levels to columns.) 
Q5: 1
Q6a: 0.75
Q6b: 0.25
"
22031457,4.5,"Q1: 1
Q2: 0.5
Q3: 0.5
Q4: 0.5 (incorrect MultiIndex: Databases and Information Theory are mixed up. Use dictionary to assign levels to columns.) 
Q5: 1
Q6a: 0.75
Q6b: 0.25
"
22024637,4.5,"Q1: 1
Q2: 0.5
Q3: 0.5
Q4: 0.5 (incorrect MultiIndex: Databases and Information Theory are mixed up. Use dictionary to assign levels to columns.) 
Q5: 1
Q6a: 0.75
Q6b: 0.25
"
21071803,1.5,"Q1: 1
Q2: 0.5
Q3: 0 (code error)
Q4: 0 (code error - there is no column 'Column' in levels DataFrame)
Q5: 0 (code error)
Q6: 0 (code error)
"
22024560,4.25,"Q1: 1
Q2: 0.5
Q3: 0.5
Q4: 0.5 (incorrect MultiIndex: Databases and Information Theory are mixed up. Use dictionary to assign levels to columns.) 
Q5: 1
Q6a: 0.75
Q6b: 0 (missing or incorrect CSV file)
"
22018647,3.25,"Q1: 1
Q2: 0.5
Q3: 0.5
Q4: 1
Q5: 0 (incorrect DataFrame mean_grades)
Q6a: 0 (incorrect DataFrame degrees)
Q6b: 0.25
"
22015002,4.0,"Q1: 1
Q2: 0.5
Q3: 0.5
Q4: 0 (code error)
Q5: 1
Q6a: 0.75
Q6b: 0.25
"
22013306,3.25,"Q1: 1
Q2: 0.5
Q3: 0.5
Q4: 1
Q5: 0 (incorrect DataFrame mean_grades)
Q6a: 0 (incorrect DataFrame degrees)
Q6b: 0.25
"
16085466,3.0,"Q1: 1
Q2: 0.5
Q3: 0.5
Q4: 1
Q5: 0 (incorrect DataFrame mean_grades)
Q6: 0 (code error)
"
21076115,1.0,"Q1: 0 (code error)
Q2: 0.5
Q3: 0.5
Q4: 0 (code error)
Q5: 0 (code error)
Q6: 0 (code error)
"
21079867,3.25,"Q1: 1
Q2: 0 (incorrect DataFrame grades)
Q3: 0 (incorrect DataFrame grades)
Q4: 0.5 (incorrect MultiIndex: Databases and Information Theory are mixed up. Use dictionary to assign levels to columns.) 
Q5: 1
Q6a: 0.75
Q6b: 0 (missing or incorrect CSV file)
"
22027875,3.0,"Q1: 1
Q2: 0.5
Q3: 0.5
Q4: 1
Q5: 0 (incorrect DataFrame mean_grades)
Q6: 0 (code error)
"
22031006,3.25,"Q1: 1
Q2: 0.5
Q3: 0.5
Q4: 1
Q5: 0 (incorrect DataFrame mean_grades)
Q6a: 0 (incorrect DataFrame degrees)
Q6b: 0.25
"
21076003,0.0,"Q1: 0 (code error)
Q2: 0 (code error)
Q3: 0 (code error)
Q4: 0 (code error)
Q5: 0 (code error)
Q6: 0 (code error)
"
22033063,3.0,"Q1: 1
Q2: 0.5
Q3: 0.5
Q4: 1
Q5: 0 (incorrect DataFrame mean_grades)
Q6: 0 (code error)
"
21062579,2.0,"Q1: 1
Q2: 0 (incorrect DataFrame grades)
Q3: 0 (incorrect DataFrame grades)
Q4: 1
Q5: 0 (code error)
Q6: 0 (code error)
"
22028322,3.25,"Q1: 1
Q2: 0.5
Q3: 0.5
Q4: 1
Q5: 0 (incorrect DataFrame mean_grades)
Q6a: 0 (incorrect DataFrame degrees)
Q6b: 0.25
"
21083353,4.0,"Q1: 1
Q2: 0.5
Q3: 0.5
Q4: 1
Q5: 1
Q6a: 0 (incorrect DataFrame degrees)
Q6b: 0 (incorrect CSV file)
"
21063938,2.0,"Q1: 1
Q2: 0.5
Q3: 0.5
Q4: 0 (code error - there is no column 'Column' in levels DataFrame)
Q5: 0 (code error)
Q6: 0 (code error)
"
21073704,1.5,"Q1: 1
Q2: 0.5
Q3: 0 (code error)
Q4: 0 (code error - there is no column 'Column' in levels DataFrame)
Q5: 0 (code error)
Q6: 0 (code error)
"
21076427,0.0,"Q1: 0 (code error)
Q2: 0 (code error)
Q3: 0 (code error)
Q4: 0 (code error)
Q5: 0 (code error)
Q6: 0 (code error)
"
21082570,0.0,"Q1: 0 (code error)
Q2: 0 (code error)
Q3: 0 (code error)
Q4: 0 (code error)
Q5: 0 (code error)
Q6: 0 (code error)
"
21071305,4.0,"Q1: 1
Q2: 0.5
Q3: 0.5
Q4: 1
Q5: 1
Q6a: 0 (incorrect DataFrame degrees)
Q6b: 0 (missing or incorrect CSV file)
"
21090027,4.0,"Q1: 1
Q2: 0.5
Q3: 0.5
Q4: 0 (code error)
Q5: 1
Q6a: 0.75
Q6b: 0.25
"
21083875,1.5,"Q1: 1
Q2: 0.5
Q3: 0 (code error)
Q4: 0 (code error - there is no column 'Column' in levels DataFrame)
Q5: 0 (code error)
Q6: 0 (code error)
"
21073161,2.0,"Q1: 1
Q2: 0.5
Q3: 0.5
Q4: 0 (code error - there is no column 'Column' in levels DataFrame)
Q5: 0 (code error)
Q6: 0 (code error)
"
22033605,3.0,"Q1: 1
Q2: 0.5
Q3: 0.5
Q4: 1
Q5: 0 (incorrect DataFrame mean_grades)
Q6: 0 (code error)
"
21090443,0.5,"Q1: 0 (code error)
Q2: 0.5
Q3: 0 (incorrect DataFrame grades)
Q4: 0 (code error)
Q5: 0 (code error)
Q6: 0 (code error)
"
21079960,4.0,"Q1: 1
Q2: 0.5
Q3: 0.5
Q4: 1
Q5: 1
Q6a: 0 (incorrect DataFrame degrees)
Q6b: 0 (incorrect CSV file)
"
22024161,3.5,"Q1: 0 (code error)
Q2: 0.5
Q3: 0.5
Q4: 0.5 (incorrect MultiIndex: Databases and Information Theory are mixed up. Use dictionary to assign levels to columns.) 
Q5: 1
Q6a: 0.75
Q6b: 0.25
"
21060791,4.25,"Q1: 1
Q2: 0.5
Q3: 0.5
Q4: 1
Q5: 1
Q6a: 0 (incorrect DataFrame degrees)
Q6b: 0.25
"
21080052,1.0,"Q1: 0 (code error)
Q2: 0.5
Q3: 0.5
Q4: 0 (code error - there is no column 'Column' in levels DataFrame)
Q5: 0 (code error)
Q6: 0 (code error)
"
22010726,3.0,"Q1: 1
Q2: 0.5
Q3: 0.5
Q4: 1
Q5: 0 (incorrect DataFrame mean_grades)
Q6: 0 (code error)
"
21094285,4.25,"Q1: 1
Q2: 0.5
Q3: 0.5
Q4: 0.5 (incorrect MultiIndex: Databases and Information Theory are mixed up. Use dictionary to assign levels to columns.) 
Q5: 1
Q6a: 0.75
Q6b: 0 (missing or incorrect CSV file)
"
21082921,4.0,"Q1: 1
Q2: 0.5
Q3: 0.5
Q4: 1
Q5: 1
Q6a: 0 (incorrect DataFrame degrees)
Q6b: 0 (incorrect CSV file)
"
21061766,0.0,"Q1: 0 (code error)
Q2: 0 (code error)
Q3: 0 (code error)
Q4: 0 (code error)
Q5: 0 (code error)
Q6: 0 (code error)
"
21032279,1.5,"Q1: 0 (code error)
Q2: 0.5
Q3: 0.5
Q4: 0.5 (incorrect MultiIndex: Databases and Information Theory are mixed up. Use dictionary to assign levels to columns.) 
Q5: 0 (code error)
Q6: 0 (code error)
"
22026376,1.5,"Q1: 0 (code error)
Q2: 0.5
Q3: 0.5
Q4: 0.5 (incorrect MultiIndex: Databases and Information Theory are mixed up. Use dictionary to assign levels to columns.) 
Q5: 0 (code error)
Q6: 0 (code error)
"
21080305,3.0,"Q1: 1
Q2: 0.5
Q3: 0.5
Q4: 1
Q5: 0 (code error)
Q6: 0 (code error)
"
22033745,2.75,"Q1: 0 (incorrect DataFrame grades)
Q2: 0.5
Q3: 0.5
Q4: 0.5 (incorrect MultiIndex: Databases and Information Theory are mixed up. Use dictionary to assign levels to columns.) 
Q5: 1
Q6a: 0 (incorrect DataFrame degrees)
Q6b: 0.25
"
22019746,2.5,"Q1: 1
Q2: 0 (incorrect DataFrame grades)
Q3: 0 (code error)
Q4: 0.5 (incorrect MultiIndex: Databases and Information Theory are mixed up. Use dictionary to assign levels to columns.) 
Q5: 0 (code error)
Q6a: 0.75
Q6b: 0.25
"
21058791,3.0,"Q1: 0 (code error)
Q2: 0.5
Q3: 0.5
Q4: 0 (code error)
Q5: 1
Q6a: 0.75
Q6b: 0.25
"
22031651,2.0,"Q1: 1
Q2: 0.5
Q3: 0.5
Q4: 0 (incorrect DataFrame grades)
Q5: 0 (code error)
Q6: 0 (code error)
"
21060336,2.0,"Q1: 1
Q2: 0.5
Q3: 0.5
Q4: 0 (code error)
Q5: 0 (code error)
Q6: 0 (code error)
"
22013145,4.25,"Q1: 1
Q2: 0.5
Q3: 0.5
Q4: 0.5 (incorrect MultiIndex: Databases and Information Theory are mixed up. Use dictionary to assign levels to columns.) 
Q5: 1
Q6a: 0.75
Q6b: 0 (missing or incorrect CSV file)
"
21065654,1.0,"Q1: 0 (code error)
Q2: 0 (code error)
Q3: 0 (code error)
Q4: 1
Q5: 0 (code error)
Q6: 0 (code error)
"
21064725,1.0,"Q1: 1
Q2: 0 (code error)
Q3: 0 (code error)
Q4: 0 (code error)
Q5: 0 (code error)
Q6: 0 (code error)
"
21076452,1.5,"Q1: 1
Q2: 0.5
Q3: 0 (incorrect DataFrame grades)
Q4: 0 (incorrect DataFrame grades)
Q5: 0 (code error)
Q6: 0 (code error)
"
22014732,4.5,"Q1: 1
Q2: 0.5
Q3: 0.5
Q4: 0.5 (incorrect MultiIndex: Databases and Information Theory are mixed up. Use dictionary to assign levels to columns.) 
Q5: 1
Q6a: 0.75
Q6b: 0.25
"
21083211,2.0,"Q1: 1
Q2: 0.5
Q3: 0.5
Q4: 0 (code error)
Q5: 0 (code error)
Q6: 0 (code error)
"
21070585,1.0,"Q1: 0 (code error)
Q2: 0 (code error)
Q3: 0 (code error)
Q4: 1
Q5: 0 (code error)
Q6: 0 (code error)
"
21078637,4.0,"Q1: 1
Q2: 0.5
Q3: 0.5
Q4: 0 (code error)
Q5: 1
Q6a: 0.75
Q6b: 0.25
"
21063707,4.0,"Q1: 1
Q2: 0.5
Q3: 0.5
Q4: 0 (code error)
Q5: 1
Q6a: 0.75
Q6b: 0.25
"
21091274,1.0,"Q1: 0 (incorrect DataFrame grades)
Q2: 0.5
Q3: 0.5
Q4: 0 (code error)
Q5: No submission
Q6: No submission
"
22031359,0.5,"Q1: 0 (incorrect DataFrame grades)
Q2: 0.5
Q3: 0 (incorrect DataFrame grades)
Q4: 0 (incorrect DataFrame grades)
Q5: No submission
Q6: No submission
"
22031426,1.0,"Q1: 0 (code error)
Q2: 0.5
Q3: 0.5
Q4: 0 (code error)
Q5: 0 (code error)
Q6: 0 (code error)
"
22035079,1.0,"Q1: 0 (code error)
Q2: 0.5
Q3: 0.5
Q4: 0 (code error)
Q5: 0 (code error)
Q6: 0 (code error)
"
21076696,4.0,"Q1: 1
Q2: 0 (incorrect DataFrame grades)
Q3: 0 (incorrect DataFrame grades)
Q4: 1
Q5: 1
Q6a: 0.75
Q6b: 0.25
"
21085657,4.0,"Q1: 1
Q2: 0.5
Q3: 0.5
Q4: 0 (code error)
Q5: 1
Q6a: 0.75
Q6b: 0.25
"
21060249,5.0,"Q1: 1
Q2: 0.5
Q3: 0.5
Q4: 1
Q5: 1
Q6a: 0.75
Q6b: 0.25
"
22029887,1.0,"Q1: 0 (code error)
Q2: 0.5
Q3: 0.5
Q4: 0 (code error)
Q5: 0 (code error)
Q6: 0 (code error)
"
22019181,4.0,"Q1: 1
Q2: 0.5
Q3: 0.5
Q4: 0 (code error)
Q5: 1
Q6a: 0.75
Q6b: 0.25
"
22009171,4.25,"Q1: 1
Q2: 0.5
Q3: 0.5
Q4: 0.5 (incorrect MultiIndex: Databases and Information Theory are mixed up. Use dictionary to assign levels to columns.) 
Q5: 1
Q6a: 0.75
Q6b: 0 (missing or incorrect CSV file)
"
21031789,2.0,"Q1: 1
Q2: 0.5
Q3: 0.5
Q4: 0 (code error - there is no column 'Column' in levels DataFrame)
Q5: 0 (code error)
Q6: 0 (code error)
"
22031077,1.0,"Q1: 0 (code error)
Q2: 0.5
Q3: 0.5
Q4: 0 (code error)
Q5: 0 (code error)
Q6: 0 (code error)
"
21080962,3.0,"Q1: 1
Q2: 0.5
Q3: 0.5
Q4: 1
Q5: 0 (incorrect DataFrame mean_grades)
Q6: 0 (code error)
"
22018206,2.75,"Q1: 0.75 (you forgot to sort by ID column and reset the index.)
Q2: 0.5
Q3: 0.5
Q4: 1
Q5: 0 (incorrect DataFrame mean_grades)
Q6a: 0 (incorrect DataFrame degrees)
Q6b: 0 (missing or incorrect CSV file)
"
21032372,0.0,"Q1: 0 (code error)
Q2: 0 (code error)
Q3: 0 (code error)
Q4: 0 (code error)
Q5: 0 (code error)
Q6: 0 (code error)
"
22010815,0.0,"Q1: 0 (code error)
Q2: 0 (code error)
Q3: 0 (code error)
Q4: 0 (code error)
Q5: 0 (code error)
Q6: 0 (code error)
"
22007462,1.0,"Q1: 1
Q2: 0 (incorrect DataFrame grades)
Q3: 0 (incorrect DataFrame grades)
Q4: 0 (code error)
Q5: 0 (code error)
Q6: 0 (code error)
"
22014216,0.0,"Q1: 0 (code error)
Q2: 0 (code error)
Q3: 0 (code error)
Q4: 0 (code error)
Q5: 0 (code error)
Q6: 0 (code error)
"
21043511,2.75,"Q1: 0.75 (you forgot to sort by ID column and reset the index.)
Q2: 0.5
Q3: 0.5
Q4: 0 (code error)
Q5: 0 (incorrect DataFrame mean_grades)
Q6a: 0.75
Q6b: 0.25
"
22011561,4.5,"Q1: 1
Q2: 0.5
Q3: 0.5
Q4: 0.5 (incorrect MultiIndex: Databases and Information Theory are mixed up. Use dictionary to assign levels to columns.) 
Q5: 1
Q6a: 0.75
Q6b: 0.25
"
22033095,2.5,"Q1: 1
Q2: 0.5
Q3: 0.5
Q4: 0.5 (incorrect MultiIndex: Databases and Information Theory are mixed up. Use dictionary to assign levels to columns.) 
Q5: 0 (code error)
Q6: 0 (code error)
"
22033074,2.0,"Q1: 1
Q2: 0.5
Q3: 0.5
Q4: 0 (code error)
Q5: 0 (code error)
Q6: 0 (code error)
"
21090449,3.0,"Q1: 1
Q2: 0 (incorrect DataFrame grades)
Q3: 0 (incorrect DataFrame grades)
Q4: 0 (incorrect DataFrame grades)
Q5: 1
Q6a: 0.75
Q6b: 0.25
"
21070401,4.0,"Q1: 1
Q2: 0.5
Q3: 0.5
Q4: 0 (code error)
Q5: 1
Q6a: 0.75
Q6b: 0.25
"
21069496,4.0,"Q1: 1
Q2: 0 (incorrect DataFrame grades)
Q3: 0 (incorrect DataFrame grades)
Q4: 1
Q5: 1
Q6a: 0.75
Q6b: 0.25
"
21088746,4.0,"Q1: 1
Q2: 0 (incorrect DataFrame grades)
Q3: 0 (incorrect DataFrame grades)
Q4: 1
Q5: 1
Q6a: 0.75
Q6b: 0.25
"
21083183,0.25,"Q1: 0 (incorrect DataFrame grades)
Q2: 0 (incorrect DataFrame grades)
Q3: 0 (incorrect DataFrame grades)
Q4: 0 (incorrect DataFrame grades)
Q5: 0 (incorrect DataFrame mean_grades)
Q6a: 0 (incorrect DataFrame degrees)
Q6b: 0.25
"
21032283,2.0,"Q1: 1
Q2: 0.5
Q3: 0.5
Q4: 0 (code error)
Q5: 0 (incorrect DataFrame mean_grades)
Q6: 0 (code error)
"
21065799,4.5,"Q1: 1
Q2: 0.5
Q3: 0.5
Q4: 0.5 (incorrect MultiIndex: Databases and Information Theory are mixed up. Use dictionary to assign levels to columns.) 
Q5: 1
Q6a: 0.75
Q6b: 0.25
"
21061496,4.5,"Q1: 1
Q2: 0.5
Q3: 0.5
Q4: 0.5 (incorrect MultiIndex: Databases and Information Theory are mixed up. Use dictionary to assign levels to columns.) 
Q5: 1
Q6a: 0.75
Q6b: 0.25
"
21080370,4.0,"Q1: 1
Q2: 0.5
Q3: 0.5
Q4: 0 (code error)
Q5: 1
Q6a: 0.75
Q6b: 0.25
"
21082058,4.0,"Q1: 1
Q2: 0.5
Q3: 0.5
Q4: 0 (code error)
Q5: 1
Q6a: 0.75
Q6b: 0.25
"
21082045,2.0,"Q1: 1
Q2: 0.5
Q3: 0.5
Q4: 0 (code error - there is no column 'Column' in levels DataFrame)
Q5: 0 (incorrect DataFrame mean_grades)
Q6: 0 (code error)
"
21078439,4.0,"Q1: 1
Q2: 0 (incorrect DataFrame grades)
Q3: 0 (incorrect DataFrame grades)
Q4: 1
Q5: 1
Q6a: 0.75
Q6b: 0.25
"
18024893,1.0,"Q1: 1
Q2: 0 (code error)
Q3: 0 (code error)
Q4: 0 (code error)
Q5: 0 (code error)
Q6: No submission
"
21091107,4.0,"Q1: 1
Q2: 0 (incorrect DataFrame grades)
Q3: 0 (incorrect DataFrame grades)
Q4: 1
Q5: 1
Q6a: 0.75
Q6b: 0.25
"
21073421,4.0,"Q1: 1
Q2: 0 (incorrect DataFrame grades)
Q3: 0 (incorrect DataFrame grades)
Q4: 1
Q5: 1
Q6a: 0.75
Q6b: 0.25
"
21032189,3.5,"Q1: 0 (code error)
Q2: 0.5
Q3: 0.5
Q4: 0.5 (incorrect MultiIndex: Databases and Information Theory are mixed up. Use dictionary to assign levels to columns.) 
Q5: 1
Q6a: 0.75
Q6b: 0.25
"
21088910,3.0,"Q1: 0 (incorrect DataFrame grades)
Q2: 0 (incorrect DataFrame grades)
Q3: 0 (code error)
Q4: 1
Q5: 1
Q6a: 0.75
Q6b: 0.25
"
21025871,2.0,"Q1: 0 (incorrect DataFrame grades)
Q2: 0 (incorrect DataFrame grades)
Q3: 0 (incorrect DataFrame grades)
Q4: 0 (incorrect DataFrame grades)
Q5: 1
Q6a: 0.75
Q6b: 0.25
"
22018914,1.0,"Q1: 0 (code error)
Q2: 0.5
Q3: 0.5
Q4: 0 (code error)
Q5: 0 (code error)
Q6: 0 (code error)
"
21070528,2.75,"Q1: 0.75 (you forgot to sort by ID column and reset the index.)
Q2: 0.5
Q3: 0.5
Q4: 0 (code error)
Q5: 0 (incorrect DataFrame mean_grades)
Q6a: 0.75
Q6b: 0.25
"
21031241,4.0,"Q1: 1
Q2: 0 (incorrect DataFrame grades)
Q3: 0 (code error)
Q4: 1
Q5: 1
Q6a: 0.75
Q6b: 0.25
"
21019292,4.0,"Q1: 1
Q2: 0.5
Q3: 0.5
Q4: 0 (code error)
Q5: 1
Q6a: 0.75
Q6b: 0.25
"
21082445,4.0,"Q1: 1
Q2: 0.5
Q3: 0.5
Q4: 0 (code error)
Q5: 1
Q6a: 0.75
Q6b: 0.25
"
21085700,4.0,"Q1: 1
Q2: 0 (incorrect DataFrame grades)
Q3: 0 (incorrect DataFrame grades)
Q4: 1
Q5: 1
Q6a: 0.75
Q6b: 0.25
"
21088050,4.0,"Q1: 1
Q2: 0.5
Q3: 0.5
Q4: 0 (code error)
Q5: 1
Q6a: 0.75
Q6b: 0.25
"
21068017,4.0,"Q1: 1
Q2: 0.5
Q3: 0.5
Q4: 0 (code error)
Q5: 1
Q6a: 0.75
Q6b: 0.25
"
22013347,4.0,"Q1: 1
Q2: 0.5
Q3: 0.5
Q4: 0 (code error)
Q5: 1
Q6a: 0.75
Q6b: 0.25
"
21091943,4.0,"Q1: 1
Q2: 0.5
Q3: 0.5
Q4: 0 (code error)
Q5: 1
Q6a: 0.75
Q6b: 0.25
"
21032070,4.0,"Q1: 1
Q2: 0.5
Q3: 0.5
Q4: 0 (code error)
Q5: 1
Q6a: 0.75
Q6b: 0.25
"
22010553,0.0,"Q1: 0 (code error)
Q2: 0 (code error)
Q3: 0 (code error)
Q4: 0 (code error)
Q5: 0 (code error)
Q6: 0 (code error)
"
21077839,4.0,"Q1: 1
Q2: 0.5
Q3: 0.5
Q4: 0 (code error)
Q5: 1
Q6a: 0.75
Q6b: 0.25
"
21066565,4.0,"Q1: 1
Q2: 0.5
Q3: 0.5
Q4: 0 (code error)
Q5: 1
Q6a: 0.75
Q6b: 0.25
"
22030643,4.5,"Q1: 1
Q2: 0.5
Q3: 0.5
Q4: 0.5 (incorrect MultiIndex: Databases and Information Theory are mixed up. Use dictionary to assign levels to columns.) 
Q5: 1
Q6a: 0.75
Q6b: 0.25
"
21069530,4.0,"Q1: 1
Q2: 0.5
Q3: 0.5
Q4: 0 (code error)
Q5: 1
Q6a: 0.75
Q6b: 0.25
"
22034845,0.0,"Q1: 0 (code error)
Q2: 0 (code error)
Q3: 0 (code error)
Q4: 0 (code error)
Q5: 0 (code error)
Q6: 0 (code error)
"
21080409,3.0,"Q1: 1
Q2: 0.5
Q3: 0.5
Q4: 1
Q5: 0 (incorrect DataFrame mean_grades)
Q6: 0 (code error)
"
22035405,0.0,"Q1: 0 (code error)
Q2: 0 (code error)
Q3: 0 (code error)
Q4: 0 (code error)
Q5: 0 (code error)
Q6: 0 (code error)
"
21081467,4.0,"Q1: 1
Q2: 0.5
Q3: 0.5
Q4: 0 (code error)
Q5: 1
Q6a: 0.75
Q6b: 0.25
"
21075077,0.0,"Q1: 0 (code error)
Q2: 0 (incorrect DataFrame grades)
Q3: 0 (incorrect DataFrame grades)
Q4: 0 (code error)
Q5: 0 (incorrect DataFrame mean_grades)
Q6: 0 (code error)
"
21085699,4.0,"Q1: 1
Q2: 0.5
Q3: 0.5
Q4: 0 (code error)
Q5: 1
Q6a: 0.75
Q6b: 0.25
"
21078501,4.0,"Q1: 1
Q2: 0.5
Q3: 0.5
Q4: 0 (code error)
Q5: 1
Q6a: 0.75
Q6b: 0.25
"
22033473,0.0,"Q1: 0 (incorrect DataFrame grades)
Q2: 0 (incorrect DataFrame grades)
Q3: 0 (incorrect DataFrame grades)
Q4: 0 (incorrect DataFrame grades)
Q5: 0 (incorrect DataFrame mean_grades)
Q6a: 0 (incorrect DataFrame degrees)
Q6b: 0 (missing or incorrect CSV file)
"
22034202,0.0,"Q1: 0 (code error)
Q2: 0 (code error)
Q3: 0 (code error)
Q4: 0 (code error)
Q5: 0 (code error)
Q6: 0 (code error)
"
21080788,4.0,"Q1: 1
Q2: 0.5
Q3: 0.5
Q4: 0 (code error)
Q5: 1
Q6a: 0.75
Q6b: 0.25
"
21063192,1.0,"Q1: 0 (code error)
Q2: 0.5
Q3: 0.5
Q4: 0 (code error)
Q5: 0 (incorrect DataFrame mean_grades)
Q6: 0 (code error)
"
21088470,0.5,"Q1: 0 (code error)
Q2: 0.5
Q3: 0 (code error)
Q4: 0 (code error)
Q5: 0 (code error)
Q6: 0 (code error)
"
22033815,0.5,"Q1: 0 (code error)
Q2: 0 (incorrect DataFrame grades)
Q3: 0.5
Q4: 0 (code error - there is no column 'Column' in levels DataFrame)
Q5: 0 (code error)
Q6: 0 (code error)
"
20068140,2.0,"Q1: 1
Q2: 0.5
Q3: 0.5
Q4: 0 (code error)
Q5: 0 (code error)
Q6: 0 (code error)
"
21058783,1.0,"Q1: 0 (code error)
Q2: 0.5
Q3: 0.5
Q4: 0 (code error)
Q5: 0 (incorrect DataFrame mean_grades)
Q6a: 0 (incorrect DataFrame degrees)
Q6b: 0 (missing or incorrect CSV file)
"
21031681,4.25,"Q1: 1
Q2: 0.5
Q3: 0.5
Q4: 1
Q5: 1
Q6a: 0 (incorrect DataFrame degrees)
Q6b: 0.25
"
22034204,5.0,"Q1: 1
Q2: 0.5
Q3: 0.5
Q4: 1
Q5: 1
Q6a: 0.75
Q6b: 0.25
"
22028166,1.0,"Q1: 1
Q2: 0 (incorrect DataFrame grades)
Q3: 0 (incorrect DataFrame grades)
Q4: 0 (code error)
Q5: 0 (code error)
Q6: 0 (code error)
"
22023213,3.0,"Q1: 1
Q2: 0.5
Q3: 0.5
Q4: 1
Q5: 0 (incorrect DataFrame mean_grades)
Q6: 0 (code error)
"
21060794,1.0,"Q1: 0 (code error)
Q2: 0.5
Q3: 0.5
Q4: 0 (incorrect DataFrame grades)
Q5: 0 (incorrect DataFrame mean_grades)
Q6: 0 (code error)
"
22041881,3.0,"Q1: 1
Q2: 0.5
Q3: 0.5
Q4: 1
Q5: 0 (incorrect DataFrame mean_grades)
Q6a: 0 (incorrect DataFrame degrees)
Q6b: 0 (missing or incorrect CSV file)
"
22022298,1.5,"Q1: 1
Q2: 0 (incorrect DataFrame grades)
Q3: 0.5
Q4: 0 (code error)
Q5: 0 (code error)
Q6: 0 (code error)
"
21071658,1.5,"Q1: 0 (code error)
Q2: 0.5
Q3: 0 (code error)
Q4: 1
Q5: 0 (incorrect DataFrame mean_grades)
Q6: 0 (code error)
"
22014947,4.0,"Q1: 1
Q2: 0.5
Q3: 0.5
Q4: 1
Q5: 0 (incorrect DataFrame mean_grades)
Q6a: 0.75
Q6b: 0.25
"
22030978,4.0,"Q1: 1
Q2: 0.5
Q3: 0.5
Q4: 1
Q5: 0 (incorrect DataFrame mean_grades)
Q6a: 0.75
Q6b: 0.25
"
21032143,2.0,"Q1: 1
Q2: 0.5
Q3: 0.5
Q4: 0 (code error)
Q5: 0 (code error)
Q6: 0 (code error)
"
22023695,2.0,"Q1: 1
Q2: 0.5
Q3: 0.5
Q4: 0 (code error)
Q5: 0 (code error)
Q6: 0 (code error)
"
21072747,3.0,"Q1: 1
Q2: 0.5
Q3: 0.5
Q4: 1
Q5: 0 (incorrect DataFrame mean_grades)
Q6: 0 (code error)
"
22031216,2.0,"Q1: 1
Q2: 0.5
Q3: 0.5
Q4: 0 (code error)
Q5: 0 (code error)
Q6: 0 (code error)
"
22028339,4.0,"Q1: 1
Q2: 0.5
Q3: 0.5
Q4: 1
Q5: 0 (incorrect DataFrame mean_grades)
Q6a: 0.75
Q6b: 0.25
"
22036166,1.0,"Q1: 1
Q2: 0 (code error)
Q3: 0 (code error)
Q4: 0 (code error)
Q5: 0 (code error)
Q6: 0 (code error)
"
22014119,1.5,"Q1: 1
Q2: 0.5
Q3: 0 (code error)
Q4: 0 (code error)
Q5: 0 (incorrect DataFrame mean_grades)
Q6: 0 (code error)
"
22032815,2.0,"Q1: 1
Q2: 0.5
Q3: 0.5
Q4: 0 (code error)
Q5: 0 (code error)
Q6: 0 (code error)
"
21077309,2.0,"Q1: 1
Q2: 0.5
Q3: 0.5
Q4: 0 (code error)
Q5: 0 (code error)
Q6: 0 (code error)
"
20068140,0.0,"Q1: 0 (code error)
Q2: 0 (code error)
Q3: 0 (incorrect DataFrame grades)
Q4: 0 (code error)
Q5: 0 (code error)
Q6: 0 (code error)
"
